"STT","Username","FullName","BaseEmail","Email","Password","CreatedAtLocal","FirebaseStatus","DbStatus","DbUserId","Error"
"1","nguyenminhanh","Nguyễn Minh Anh","phamngockhoinguyen2708@gmail.com","phamngockhoinguyen2708+nguyen.minh.anh@gmail.com","nguyenminhanh@123456@","2026-06-18 03:09:23","AssumedExisting","Updated","14",""
"2","tranhoangnam","Trần Hoàng Nam","phamngockhoinguyen2708@gmail.com","phamngockhoinguyen2708+tran.hoang.nam@gmail.com","tranhoangnam@123456@","2026-06-18 11:18:33","AssumedExisting","Updated","15",""
"3","lequynhchi","Lê Quỳnh Chi","phamngockhoinguyen2708@gmail.com","phamngockhoinguyen2708+le.quynh.chi@gmail.com","lequynhchi@123456@","2026-06-18 19:39:04","AssumedExisting","Updated","16",""
"4","phamduybao","Phạm Duy Bảo","phamngockhoinguyen2708@gmail.com","phamngockhoinguyen2708+pham.duy.bao@gmail.com","phamduybao@123456@","2026-06-18 22:32:00","AssumedExisting","Updated","17",""
"5","hoangthanhtruc","Hoàng Thanh Trúc","phamngockhoinguyen2708@gmail.com","phamngockhoinguyen2708+hoang.thanh.truc@gmail.com","hoangthanhtruc@123456@","2026-06-19 03:48:51","AssumedExisting","Updated","18",""
"6","huynhgiabao","Huỳnh Gia Bảo","phamngockhoinguyen2708@gmail.com","phamngockhoinguyen2708+huynh.gia.bao@gmail.com","huynhgiabao@123456@","2026-06-19 13:14:38","AssumedExisting","Updated","19",""
"7","phanngocmai","Phan Ngọc Mai","phamngockhoinguyen2708@gmail.com","phamngockhoinguyen2708+phan.ngoc.mai@gmail.com","phanngocmai@123456@","2026-06-19 19:26:19","AssumedExisting","Updated","20",""
"8","vuminhkhang","Vũ Minh Khang","phamngockhoinguyen2708@gmail.com","phamngockhoinguyen2708+vu.minh.khang@gmail.com","vuminhkhang@123456@","2026-06-20 04:09:13","AssumedExisting","Updated","21",""
"9","vodieulinh","Võ Diệu Linh","phamngockhoinguyen2708@gmail.com","phamngockhoinguyen2708+vo.dieu.linh@gmail.com","vodieulinh@123456@","2026-06-20 08:57:57","AssumedExisting","Updated","22",""
"10","dangquanghuy","Đặng Quang Huy","phamngockhoinguyen2708@gmail.com","phamngockhoinguyen2708+dang.quang.huy@gmail.com","dangquanghuy@123456@","2026-06-20 21:23:51","AssumedExisting","Updated","23",""
"11","buithanhha","Bùi Thanh Hà","phamngockhoinguyen2708@gmail.com","phamngockhoinguyen2708+bui.thanh.ha@gmail.com","buithanhha@123456@","2026-06-21 01:52:13","AssumedExisting","Updated","24",""
"12","dothienan","Đỗ Thiên An","phamngockhoinguyen2708@gmail.com","phamngockhoinguyen2708+do.thien.an@gmail.com","dothienan@123456@","2026-06-21 09:01:03","AssumedExisting","Updated","25",""
"13","honhatminh","Hồ Nhật Minh","phamngockhoinguyen2708@gmail.com","phamngockhoinguyen2708+ho.nhat.minh@gmail.com","honhatminh@123456@","2026-06-21 12:05:15","AssumedExisting","Updated","26",""
"14","ngobaongoc","Ngô Bảo Ngọc","phamngockhoinguyen2708@gmail.com","phamngockhoinguyen2708+ngo.bao.ngoc@gmail.com","ngobaongoc@123456@","2026-06-21 19:35:35","AssumedExisting","Updated","27",""
"15","duongkhanhvy","Dương Khánh Vy","phamngockhoinguyen2708@gmail.com","phamngockhoinguyen2708+duong.khanh.vy@gmail.com","duongkhanhvy@123456@","2026-06-22 04:59:59","AssumedExisting","Updated","28",""
"16","lyanhkhoa","Lý Anh Khoa","phamngockhoinguyen2708@gmail.com","phamngockhoinguyen2708+ly.anh.khoa@gmail.com","lyanhkhoa@123456@","2026-06-22 14:38:45","AssumedExisting","Updated","29",""
"17","truongminhthu","Trương Minh Thư","phamngockhoinguyen2708@gmail.com","phamngockhoinguyen2708+truong.minh.thu@gmail.com","truongminhthu@123456@","2026-06-22 16:55:52","AssumedExisting","Updated","30",""
"18","dinhbaochau","Đinh Bảo Châu","phamngockhoinguyen2708@gmail.com","phamngockhoinguyen2708+dinh.bao.chau@gmail.com","dinhbaochau@123456@","2026-06-22 23:40:07","AssumedExisting","Updated","31",""
"19","maingocanh","Mai Ngọc Anh","phamngockhoinguyen2708@gmail.com","phamngockhoinguyen2708+mai.ngoc.anh@gmail.com","maingocanh@123456@","2026-06-23 06:29:52","AssumedExisting","Updated","32",""
"20","caothanhphong","Cao Thanh Phong","phamngockhoinguyen2708@gmail.com","phamngockhoinguyen2708+cao.thanh.phong@gmail.com","caothanhphong@123456@","2026-06-23 12:41:34","AssumedExisting","Updated","33",""
"21","nguyenhoanganh","Nguyễn Hoàng Anh","phamngockhoinguyen2708@gmail.com","phamngockhoinguyen2708+nguyen.hoang.anh@gmail.com","nguyenhoanganh@123456@","2026-06-23 21:57:03","AssumedExisting","Updated","34",""
"22","trankhanhlinh","Trần Khánh Linh","phamngockhoinguyen2708@gmail.com","phamngockhoinguyen2708+tran.khanh.linh@gmail.com","trankhanhlinh@123456@","2026-06-24 05:22:43","AssumedExisting","Updated","35",""
"23","leminhquan","Lê Minh Quân","phamngockhoinguyen2708@gmail.com","phamngockhoinguyen2708+le.minh.quan@gmail.com","leminhquan@123456@","2026-06-24 13:30:34","AssumedExisting","Updated","36",""
"24","phamthuyduong","Phạm Thùy Dương","phamngockhoinguyen2708@gmail.com","phamngockhoinguyen2708+pham.thuy.duong@gmail.com","phamthuyduong@123456@","2026-06-24 20:24:52","AssumedExisting","Updated","37",""
"25","hoanghaianh","Hoàng Hải Anh","phamngockhoinguyen2708@gmail.com","phamngockhoinguyen2708+hoang.hai.anh@gmail.com","hoanghaianh@123456@","2026-06-25 03:40:08","AssumedExisting","Updated","38",""
"26","huynhnhatvy","Huỳnh Nhật Vy","phamngockhoinguyen2708@gmail.com","phamngockhoinguyen2708+huynh.nhat.vy@gmail.com","huynhnhatvy@123456@","2026-06-25 05:54:12","AssumedExisting","Updated","39",""
"27","phantrongnghia","Phan Trọng Nghĩa","phamngockhoinguyen2708@gmail.com","phamngockhoinguyen2708+phan.trong.nghia@gmail.com","phantrongnghia@123456@","2026-06-25 17:25:10","AssumedExisting","Updated","40",""
"28","vothanhnhan","Võ Thành Nhân","phamngockhoinguyen2708@gmail.com","phamngockhoinguyen2708+vo.thanh.nhan@gmail.com","vothanhnhan@123456@","2026-06-25 22:32:14","AssumedExisting","Updated","41",""
"29","vukimngan","Vũ Kim Ngân","phamngockhoinguyen2708@gmail.com","phamngockhoinguyen2708+vu.kim.ngan@gmail.com","vukimngan@123456@","2026-06-26 07:43:33","AssumedExisting","Updated","42",""
"30","dangminhtri","Đặng Minh Trí","phamngockhoinguyen2708@gmail.com","phamngockhoinguyen2708+dang.minh.tri@gmail.com","dangminhtri@123456@","2026-06-26 12:45:33","AssumedExisting","Updated","43",""
"31","buingocyen","Bùi Ngọc Yến","phamngockhoinguyen2708@gmail.com","phamngockhoinguyen2708+bui.ngoc.yen@gmail.com","buingocyen@123456@","2026-06-26 22:43:39","AssumedExisting","Updated","44",""
"32","domanhcuong","Đỗ Mạnh Cường","phamngockhoinguyen2708@gmail.com","phamngockhoinguyen2708+do.manh.cuong@gmail.com","domanhcuong@123456@","2026-06-27 02:43:00","AssumedExisting","Updated","45",""
"33","hothanhthao","Hồ Thanh Thảo","phamngockhoinguyen2708@gmail.com","phamngockhoinguyen2708+ho.thanh.thao@gmail.com","hothanhthao@123456@","2026-06-27 12:52:35","AssumedExisting","Updated","46",""
"34","ngotuananh","Ngô Tuấn Anh","phamngockhoinguyen2708@gmail.com","phamngockhoinguyen2708+ngo.tuan.anh@gmail.com","ngotuananh@123456@","2026-06-27 16:04:22","AssumedExisting","Updated","47",""
"35","duonghoangyen","Dương Hoàng Yến","phamngockhoinguyen2708@gmail.com","phamngockhoinguyen2708+duong.hoang.yen@gmail.com","duonghoangyen@123456@","2026-06-27 21:00:23","AssumedExisting","Updated","48",""
"36","lyminhduc","Lý Minh Đức","phamngockhoinguyen2708@gmail.com","phamngockhoinguyen2708+ly.minh.duc@gmail.com","lyminhduc@123456@","2026-06-28 03:28:18","AssumedExisting","Updated","49",""
"37","truongbaolam","Trương Bảo Lâm","phamngockhoinguyen2708@gmail.com","phamngockhoinguyen2708+truong.bao.lam@gmail.com","truongbaolam@123456@","2026-06-28 16:10:24","AssumedExisting","Updated","50",""
"38","dinhphuonganh","Đinh Phương Anh","phamngockhoinguyen2708@gmail.com","phamngockhoinguyen2708+dinh.phuong.anh@gmail.com","dinhphuonganh@123456@","2026-06-28 20:12:34","AssumedExisting","Updated","51",""
"39","maianhthu","Mai Anh Thư","phamngockhoinguyen2708@gmail.com","phamngockhoinguyen2708+mai.anh.thu@gmail.com","maianhthu@123456@","2026-06-29 05:09:56","AssumedExisting","Updated","52",""
"40","caokhanhduy","Cao Khánh Duy","phamngockhoinguyen2708@gmail.com","phamngockhoinguyen2708+cao.khanh.duy@gmail.com","caokhanhduy@123456@","2026-06-29 09:49:31","AssumedExisting","Updated","53",""
"41","nguyenphuclong","Nguyễn Phúc Long","phamngockhoinguyen2708@gmail.com","phamngockhoinguyen2708+nguyen.phuc.long@gmail.com","nguyenphuclong@123456@","2026-06-29 18:14:17","AssumedExisting","Updated","54",""
"42","tranbaotran","Trần Bảo Trân","phamngockhoinguyen2708@gmail.com","phamngockhoinguyen2708+tran.bao.tran@gmail.com","tranbaotran@123456@","2026-06-30 03:05:23","AssumedExisting","Updated","55",""
"43","lehoangphuc","Lê Hoàng Phúc","phamngockhoinguyen2708@gmail.com","phamngockhoinguyen2708+le.hoang.phuc@gmail.com","lehoangphuc@123456@","2026-06-30 10:38:42","AssumedExisting","Updated","56",""
"44","phamngoclinh","Phạm Ngọc Linh","phamngockhoinguyen2708@gmail.com","phamngockhoinguyen2708+pham.ngoc.linh@gmail.com","phamngoclinh@123456@","2026-06-30 11:24:04","AssumedExisting","Updated","57",""
"45","hoangminhchau","Hoàng Minh Châu","phamngockhoinguyen2708@gmail.com","phamngockhoinguyen2708+hoang.minh.chau@gmail.com","hoangminhchau@123456@","2026-06-30 21:01:59","AssumedExisting","Updated","58",""
"46","huynhquocbao","Huỳnh Quốc Bảo","phamngockhoinguyen2708@gmail.com","phamngockhoinguyen2708+huynh.quoc.bao@gmail.com","huynhquocbao@123456@","2026-07-01 03:25:38","AssumedExisting","Updated","59",""
"47","phanthanhdat","Phan Thành Đạt","phamngockhoinguyen2708@gmail.com","phamngockhoinguyen2708+phan.thanh.dat@gmail.com","phanthanhdat@123456@","2026-07-01 10:36:31","AssumedExisting","Updated","60",""
"48","vominhthu","Võ Minh Thư","phamngockhoinguyen2708@gmail.com","phamngockhoinguyen2708+vo.minh.thu@gmail.com","vominhthu@123456@","2026-07-01 19:19:46","AssumedExisting","Updated","61",""
"49","vungocson","Vũ Ngọc Sơn","phamngockhoinguyen2708@gmail.com","phamngockhoinguyen2708+vu.ngoc.son@gmail.com","vungocson@123456@","2026-07-02 01:42:29","AssumedExisting","Updated","62",""
"50","dangthanhngan","Đặng Thanh Ngân","phamngockhoinguyen2708@gmail.com","phamngockhoinguyen2708+dang.thanh.ngan@gmail.com","dangthanhngan@123456@","2026-07-02 10:02:03","AssumedExisting","Updated","63",""
"51","buianhkiet","Bùi Anh Kiệt","phamngockhoinguyen2708@gmail.com","phamngockhoinguyen2708+bui.anh.kiet@gmail.com","buianhkiet@123456@","2026-07-02 12:42:17","AssumedExisting","Updated","64",""
"52","dohoanglam","Đỗ Hoàng Lâm","phamngockhoinguyen2708@gmail.com","phamngockhoinguyen2708+do.hoang.lam@gmail.com","dohoanglam@123456@","2026-07-02 23:51:19","AssumedExisting","Updated","65",""
"53","hobaohan","Hồ Bảo Hân","phamngockhoinguyen2708@gmail.com","phamngockhoinguyen2708+ho.bao.han@gmail.com","hobaohan@123456@","2026-07-03 02:07:42","AssumedExisting","Updated","66",""
"54","ngominhthien","Ngô Minh Thiện","phamngockhoinguyen2708@gmail.com","phamngockhoinguyen2708+ngo.minh.thien@gmail.com","ngominhthien@123456@","2026-07-03 10:49:15","AssumedExisting","Updated","67",""
"55","duongngocdiep","Dương Ngọc Diệp","phamngockhoinguyen2708@gmail.com","phamngockhoinguyen2708+duong.ngoc.diep@gmail.com","duongngocdiep@123456@","2026-07-03 20:26:50","AssumedExisting","Updated","68",""
"56","lyquangvinh","Lý Quang Vinh","phamngockhoinguyen2708@gmail.com","phamngockhoinguyen2708+ly.quang.vinh@gmail.com","lyquangvinh@123456@","2026-07-04 01:46:48","AssumedExisting","Updated","69",""
"57","truongthanhmai","Trương Thanh Mai","phamngockhoinguyen2708@gmail.com","phamngockhoinguyen2708+truong.thanh.mai@gmail.com","truongthanhmai@123456@","2026-07-04 06:21:55","AssumedExisting","Updated","70",""
"58","dinhnhatquang","Đinh Nhật Quang","phamngockhoinguyen2708@gmail.com","phamngockhoinguyen2708+dinh.nhat.quang@gmail.com","dinhnhatquang@123456@","2026-07-04 18:46:35","AssumedExisting","Updated","71",""
"59","maikhanhngoc","Mai Khánh Ngọc","phamngockhoinguyen2708@gmail.com","phamngockhoinguyen2708+mai.khanh.ngoc@gmail.com","maikhanhngoc@123456@","2026-07-05 00:28:04","AssumedExisting","Updated","72",""
"60","caominhnhat","Cao Minh Nhật","phamngockhoinguyen2708@gmail.com","phamngockhoinguyen2708+cao.minh.nhat@gmail.com","caominhnhat@123456@","2026-07-05 02:18:13","AssumedExisting","Updated","73",""
"61","nguyenanhnhi","Nguyễn Anh Nhi","phamngockhoinguyen2708@gmail.com","phamngockhoinguyen2708+nguyen.anh.nhi@gmail.com","nguyenanhnhi@123456@","2026-07-05 12:36:19","AssumedExisting","Updated","74",""
"62","tranquocviet","Trần Quốc Việt","phamngockhoinguyen2708@gmail.com","phamngockhoinguyen2708+tran.quoc.viet@gmail.com","tranquocviet@123456@","2026-07-05 22:15:07","AssumedExisting","Updated","75",""
"63","lethanhhuyen","Lê Thanh Huyền","phamngockhoinguyen2708@gmail.com","phamngockhoinguyen2708+le.thanh.huyen@gmail.com","lethanhhuyen@123456@","2026-07-06 05:50:23","AssumedExisting","Updated","76",""
"64","phamminhhoang","Phạm Minh Hoàng","phamngockhoinguyen2708@gmail.com","phamngockhoinguyen2708+pham.minh.hoang@gmail.com","phamminhhoang@123456@","2026-07-06 12:05:19","AssumedExisting","Updated","77",""
"65","hoangngocminh","Hoàng Ngọc Minh","phamngockhoinguyen2708@gmail.com","phamngockhoinguyen2708+hoang.ngoc.minh@gmail.com","hoangngocminh@123456@","2026-07-06 17:58:40","AssumedExisting","Updated","78",""
"66","huynhthanhdat","Huỳnh Thành Đạt","phamngockhoinguyen2708@gmail.com","phamngockhoinguyen2708+huynh.thanh.dat@gmail.com","huynhthanhdat@123456@","2026-07-07 02:32:14","AssumedExisting","Updated","79",""
"67","phankimanh","Phan Kim Anh","phamngockhoinguyen2708@gmail.com","phamngockhoinguyen2708+phan.kim.anh@gmail.com","phankimanh@123456@","2026-07-07 03:42:20","AssumedExisting","Updated","80",""
"68","votrungkien","Võ Trung Kiên","phamngockhoinguyen2708@gmail.com","phamngockhoinguyen2708+vo.trung.kien@gmail.com","votrungkien@123456@","2026-07-07 12:07:19","AssumedExisting","Updated","81",""
"69","vuthaoquyen","Vũ Thảo Quyên","phamngockhoinguyen2708@gmail.com","phamngockhoinguyen2708+vu.thao.quyen@gmail.com","vuthaoquyen@123456@","2026-07-07 20:12:34","AssumedExisting","Updated","82",""
"70","dangbaonghi","Đặng Bảo Nghi","phamngockhoinguyen2708@gmail.com","phamngockhoinguyen2708+dang.bao.nghi@gmail.com","dangbaonghi@123456@","2026-07-08 01:34:15","AssumedExisting","Updated","83",""
"71","buiminhthao","Bùi Minh Thảo","phamngockhoinguyen2708@gmail.com","phamngockhoinguyen2708+bui.minh.thao@gmail.com","buiminhthao@123456@","2026-07-08 08:55:48","AssumedExisting","Updated","84",""
"72","dothanhson","Đỗ Thanh Sơn","phamngockhoinguyen2708@gmail.com","phamngockhoinguyen2708+do.thanh.son@gmail.com","dothanhson@123456@","2026-07-08 15:43:36","AssumedExisting","Updated","85",""
"73","hoquynhnhu","Hồ Quỳnh Như","phamngockhoinguyen2708@gmail.com","phamngockhoinguyen2708+ho.quynh.nhu@gmail.com","hoquynhnhu@123456@","2026-07-08 23:43:34","AssumedExisting","Updated","86",""
"74","ngothienphuc","Ngô Thiên Phúc","phamngockhoinguyen2708@gmail.com","phamngockhoinguyen2708+ngo.thien.phuc@gmail.com","ngothienphuc@123456@","2026-07-09 06:35:29","AssumedExisting","Updated","87",""
"75","duongminhhieu","Dương Minh Hiếu","phamngockhoinguyen2708@gmail.com","phamngockhoinguyen2708+duong.minh.hieu@gmail.com","duongminhhieu@123456@","2026-07-09 14:18:04","AssumedExisting","Updated","88",""
"76","lybaonghi","Lý Bảo Nghi","phamngockhoinguyen2708@gmail.com","phamngockhoinguyen2708+ly.bao.nghi@gmail.com","lybaonghi@123456@","2026-07-10 00:09:30","AssumedExisting","Updated","89",""
"77","truongquochuy","Trương Quốc Huy","phamngockhoinguyen2708@gmail.com","phamngockhoinguyen2708+truong.quoc.huy@gmail.com","truongquochuy@123456@","2026-07-10 03:18:33","AssumedExisting","Updated","90",""
"78","dinhngocchau","Đinh Ngọc Châu","phamngockhoinguyen2708@gmail.com","phamngockhoinguyen2708+dinh.ngoc.chau@gmail.com","dinhngocchau@123456@","2026-07-10 10:55:50","AssumedExisting","Updated","91",""
"79","maithanhvy","Mai Thanh Vy","phamngockhoinguyen2708@gmail.com","phamngockhoinguyen2708+mai.thanh.vy@gmail.com","maithanhvy@123456@","2026-07-10 16:43:39","AssumedExisting","Updated","92",""
"80","caotuanminh","Cao Tuấn Minh","phamngockhoinguyen2708@gmail.com","phamngockhoinguyen2708+cao.tuan.minh@gmail.com","caotuanminh@123456@","2026-07-10 23:15:42","AssumedExisting","Updated","93",""
"81","nguyenhaimy","Nguyễn Hải My","phamngockhoinguyen2708@gmail.com","phamngockhoinguyen2708+nguyen.hai.my@gmail.com","nguyenhaimy@123456@","2026-07-11 09:38:01","AssumedExisting","Updated","94",""
"82","tranminhtri","Trần Minh Trí","phamngockhoinguyen2708@gmail.com","phamngockhoinguyen2708+tran.minh.tri@gmail.com","tranminhtri@123456@","2026-07-11 14:33:04","AssumedExisting","Updated","95",""
"83","lebaokhanh","Lê Bảo Khánh","phamngockhoinguyen2708@gmail.com","phamngockhoinguyen2708+le.bao.khanh@gmail.com","lebaokhanh@123456@","2026-07-11 23:58:15","AssumedExisting","Updated","96",""
"84","phamhoangyen","Phạm Hoàng Yến","phamngockhoinguyen2708@gmail.com","phamngockhoinguyen2708+pham.hoang.yen@gmail.com","phamhoangyen@123456@","2026-07-12 05:24:49","AssumedExisting","Updated","97",""
"85","hoangthienphu","Hoàng Thiên Phú","phamngockhoinguyen2708@gmail.com","phamngockhoinguyen2708+hoang.thien.phu@gmail.com","hoangthienphu@123456@","2026-07-12 11:47:37","AssumedExisting","Updated","98",""
"86","huynhngocanh","Huỳnh Ngọc Anh","phamngockhoinguyen2708@gmail.com","phamngockhoinguyen2708+huynh.ngoc.anh@gmail.com","huynhngocanh@123456@","2026-07-12 15:18:12","AssumedExisting","Updated","99",""
"87","phanminhtu","Phan Minh Tú","phamngockhoinguyen2708@gmail.com","phamngockhoinguyen2708+phan.minh.tu@gmail.com","phanminhtu@123456@","2026-07-13 03:08:46","AssumedExisting","Updated","100",""
"88","vobaotram","Võ Bảo Trâm","phamngockhoinguyen2708@gmail.com","phamngockhoinguyen2708+vo.bao.tram@gmail.com","vobaotram@123456@","2026-07-13 10:44:42","AssumedExisting","Updated","101",""
"89","vukhanhhoa","Vũ Khánh Hòa","phamngockhoinguyen2708@gmail.com","phamngockhoinguyen2708+vu.khanh.hoa@gmail.com","vukhanhhoa@123456@","2026-07-13 18:31:17","AssumedExisting","Updated","102",""
"90","dangquangminh","Đặng Quang Minh","phamngockhoinguyen2708@gmail.com","phamngockhoinguyen2708+dang.quang.minh@gmail.com","dangquangminh@123456@","2026-07-13 23:00:24","AssumedExisting","Updated","103",""
"91","buithanhphuong","Bùi Thanh Phương","phamngockhoinguyen2708@gmail.com","phamngockhoinguyen2708+bui.thanh.phuong@gmail.com","buithanhphuong@123456@","2026-07-14 07:58:24","AssumedExisting","Updated","104",""
"92","dongocphuc","Đỗ Ngọc Phúc","phamngockhoinguyen2708@gmail.com","phamngockhoinguyen2708+do.ngoc.phuc@gmail.com","dongocphuc@123456@","2026-07-14 13:41:40","Existing","Inserted","113",""
"93","hothienkim","Hồ Thiên Kim","phamngockhoinguyen2708@gmail.com","phamngockhoinguyen2708+ho.thien.kim@gmail.com","hothienkim@123456@","2026-07-14 20:06:27","Created","Inserted","105",""
"94","ngothanhbinh","Ngô Thanh Bình","phamngockhoinguyen2708@gmail.com","phamngockhoinguyen2708+ngo.thanh.binh@gmail.com","ngothanhbinh@123456@","2026-07-15 03:52:34","Created","Inserted","106",""
"95","duongbaonam","Dương Bảo Nam","phamngockhoinguyen2708@gmail.com","phamngockhoinguyen2708+duong.bao.nam@gmail.com","duongbaonam@123456@","2026-07-15 10:48:30","Created","Inserted","107",""
"96","lyngocquyen","Lý Ngọc Quyên","phamngockhoinguyen2708@gmail.com","phamngockhoinguyen2708+ly.ngoc.quyen@gmail.com","lyngocquyen@123456@","2026-07-15 18:48:51","Created","Inserted","108",""
"97","truongminhkhoi","Trương Minh Khôi","phamngockhoinguyen2708@gmail.com","phamngockhoinguyen2708+truong.minh.khoi@gmail.com","truongminhkhoi@123456@","2026-07-15 20:55:35","Created","Inserted","109",""
"98","dinhthanhnhan","Đinh Thanh Nhàn","phamngockhoinguyen2708@gmail.com","phamngockhoinguyen2708+dinh.thanh.nhan@gmail.com","dinhthanhnhan@123456@","2026-07-16 05:16:19","Created","Inserted","110",""
"99","maibaongoc","Mai Bảo Ngọc","phamngockhoinguyen2708@gmail.com","phamngockhoinguyen2708+mai.bao.ngoc@gmail.com","maibaongoc@123456@","2026-07-16 11:09:15","Created","Inserted","111",""
"100","caoducanh","Cao Đức Anh","phamngockhoinguyen2708@gmail.com","phamngockhoinguyen2708+cao.duc.anh@gmail.com","caoducanh@123456@","2026-07-16 21:11:12","Created","Inserted","112",""
"101","chauquynhtien","Châu Quỳnh Tiên","pnknn270801@gmail.com","pnknn270801+chauquynhtien@gmail.com","chauquynhtien@123456@","2025-11-17 02:37:11","Created","Inserted","114",""
"102","taquoctin","Tạ Quốc Tín","pnknn270802@gmail.com","pnknn270802+taquoctin@gmail.com","taquoctin@123456@","2025-11-17 04:48:42","Created","Inserted","115",""
"103","voquynhnam","Võ Quỳnh Nam","pnknn270803@gmail.com","pnknn270803+voquynhnam@gmail.com","voquynhnam@123456@","2025-11-17 08:58:08","Created","Inserted","116",""
"104","letanquyen","Lê Tấn Quyên","pnknn270804@gmail.com","pnknn270804+letanquyen@gmail.com","letanquyen@123456@","2025-11-17 13:52:05","Created","Inserted","117",""
"105","maiyenloan","Mai Yến Loan","pnknn270801@gmail.com","pnknn270801+maiyenloan@gmail.com","maiyenloan@123456@","2025-11-17 17:11:08","Created","Inserted","118",""
"106","vudangha","Vũ Đăng Hà","pnknn270802@gmail.com","pnknn270802+vudangha@gmail.com","vudangha@123456@","2025-11-17 20:20:54","Created","Inserted","119",""
"107","vudangsang","Vũ Đăng Sang","pnknn270803@gmail.com","pnknn270803+vudangsang@gmail.com","vudangsang@123456@","2025-11-18 01:45:04","Created","Inserted","120",""
"108","tokieuduong","Tô Kiều Dương","pnknn270804@gmail.com","pnknn270804+tokieuduong@gmail.com","tokieuduong@123456@","2025-11-18 04:27:29","Created","Inserted","121",""
"109","vuonghanhtran","Vương Hạnh Trân","pnknn270801@gmail.com","pnknn270801+vuonghanhtran@gmail.com","vuonghanhtran@123456@","2025-11-18 08:17:43","Created","Inserted","122",""
"110","dangmybach","Đặng Mỹ Bách","pnknn270802@gmail.com","pnknn270802+dangmybach@gmail.com","dangmybach@123456@","2025-11-18 12:54:40","Created","Inserted","123",""
"111","haxuankhoi","Hà Xuân Khôi","pnknn270803@gmail.com","pnknn270803+haxuankhoi@gmail.com","haxuankhoi@123456@","2025-11-18 14:25:38","Created","Inserted","124",""
"112","nguyenyenyen","Nguyễn Yến Yến","pnknn270804@gmail.com","pnknn270804+nguyenyenyen@gmail.com","nguyenyenyen@123456@","2025-11-18 19:51:20","Created","Inserted","125",""
"113","ngongocbach","Ngô Ngọc Bách","pnknn270801@gmail.com","pnknn270801+ngongocbach@gmail.com","ngongocbach@123456@","2025-11-19 00:00:17","Created","Inserted","126",""
"114","hocammy","Hồ Cẩm My","pnknn270802@gmail.com","pnknn270802+hocammy@gmail.com","hocammy@123456@","2025-11-19 01:31:19","Created","Inserted","127",""
"115","truongducbach","Trương Đức Bách","pnknn270803@gmail.com","pnknn270803+truongducbach@gmail.com","truongducbach@123456@","2025-11-19 06:19:07","Created","Inserted","128",""
"116","daotuongbach","Đào Tường Bách","pnknn270804@gmail.com","pnknn270804+daotuongbach@gmail.com","daotuongbach@123456@","2025-11-19 09:53:21","Created","Inserted","129",""
"117","trinhkhanhhoa","Trịnh Khánh Hòa","pnknn270801@gmail.com","pnknn270801+trinhkhanhhoa@gmail.com","trinhkhanhhoa@123456@","2025-11-19 12:32:50","Created","Inserted","130",""
"118","voxuantu","Võ Xuân Tú","pnknn270802@gmail.com","pnknn270802+voxuantu@gmail.com","voxuantu@123456@","2025-11-19 17:13:15","Created","Inserted","131",""
"119","nguyenphucbach","Nguyễn Phúc Bách","pnknn270803@gmail.com","pnknn270803+nguyenphucbach@gmail.com","nguyenphucbach@123456@","2025-11-19 20:27:35","Created","Inserted","132",""
"120","hadieuson","Hà Diệu Sơn","pnknn270804@gmail.com","pnknn270804+hadieuson@gmail.com","hadieuson@123456@","2025-11-20 00:22:04","Created","Inserted","133",""
"121","truongtananh","Trương Tấn Ánh","pnknn270801@gmail.com","pnknn270801+truongtananh@gmail.com","truongtananh@123456@","2025-11-20 05:38:35","Created","Inserted","134",""
"122","doquangthinh","Đỗ Quang Thịnh","pnknn270802@gmail.com","pnknn270802+doquangthinh@gmail.com","doquangthinh@123456@","2025-11-20 09:35:34","Created","Inserted","135",""
"123","dotuongphuc","Đỗ Tường Phúc","pnknn270803@gmail.com","pnknn270803+dotuongphuc@gmail.com","dotuongphuc@123456@","2025-11-20 11:17:49","Created","Inserted","136",""
"124","truongcamtue","Trương Cẩm Tuệ","pnknn270804@gmail.com","pnknn270804+truongcamtue@gmail.com","truongcamtue@123456@","2025-11-20 14:49:44","Created","Inserted","137",""
"125","togiakhoi","Tô Gia Khôi","pnknn270801@gmail.com","pnknn270801+togiakhoi@gmail.com","togiakhoi@123456@","2025-11-20 17:39:27","Created","Inserted","138",""
"126","doanquynhlinh","Đoàn Quỳnh Linh","pnknn270802@gmail.com","pnknn270802+doanquynhlinh@gmail.com","doanquynhlinh@123456@","2025-11-20 23:45:15","Created","Inserted","139",""
"127","trantuongloan","Trần Tường Loan","pnknn270803@gmail.com","pnknn270803+trantuongloan@gmail.com","trantuongloan@123456@","2025-11-21 02:26:52","Created","Inserted","140",""
"128","phamthienanh","Phạm Thiên Anh","pnknn270804@gmail.com","pnknn270804+phamthienanh@gmail.com","phamthienanh@123456@","2025-11-21 06:53:54","Created","Inserted","141",""
"129","hoangkieuhung","Hoàng Kiều Hưng","pnknn270801@gmail.com","pnknn270801+hoangkieuhung@gmail.com","hoangkieuhung@123456@","2025-11-21 10:09:40","Created","Inserted","142",""
"130","lexuantoan","Lê Xuân Toàn","pnknn270802@gmail.com","pnknn270802+lexuantoan@gmail.com","lexuantoan@123456@","2025-11-21 13:54:35","Created","Inserted","143",""
"131","trinhkieutrang","Trịnh Kiều Trang","pnknn270803@gmail.com","pnknn270803+trinhkieutrang@gmail.com","trinhkieutrang@123456@","2025-11-21 17:34:52","Created","Inserted","144",""
"132","taminhkhoa","Tạ Minh Khoa","pnknn270804@gmail.com","pnknn270804+taminhkhoa@gmail.com","taminhkhoa@123456@","2025-11-21 22:51:34","Created","Inserted","145",""
"133","taquynhkiet","Tạ Quỳnh Kiệt","pnknn270801@gmail.com","pnknn270801+taquynhkiet@gmail.com","taquynhkiet@123456@","2025-11-21 23:09:37","Created","Inserted","146",""
"134","dogiatram","Đỗ Gia Trâm","pnknn270802@gmail.com","pnknn270802+dogiatram@gmail.com","dogiatram@123456@","2025-11-22 02:51:15","Created","Inserted","147",""
"135","truongbaohuy","Trương Bảo Huy","pnknn270803@gmail.com","pnknn270803+truongbaohuy@gmail.com","truongbaohuy@123456@","2025-11-22 08:54:21","Created","Inserted","148",""
"136","vuonganhbach","Vương Anh Bách","pnknn270804@gmail.com","pnknn270804+vuonganhbach@gmail.com","vuonganhbach@123456@","2025-11-22 12:09:38","Created","Inserted","149",""
"137","tahanhlong","Tạ Hạnh Long","pnknn270801@gmail.com","pnknn270801+tahanhlong@gmail.com","tahanhlong@123456@","2025-11-22 14:10:24","Created","Inserted","150",""
"138","hacamngoc","Hà Cẩm Ngọc","pnknn270802@gmail.com","pnknn270802+hacamngoc@gmail.com","hacamngoc@123456@","2025-11-22 18:37:02","Created","Inserted","151",""
"139","dinhthukha","Đinh Thu Kha","pnknn270803@gmail.com","pnknn270803+dinhthukha@gmail.com","dinhthukha@123456@","2025-11-22 23:33:19","Created","Inserted","152",""
"140","dinhkhanhthien","Đinh Khánh Thiện","pnknn270804@gmail.com","pnknn270804+dinhkhanhthien@gmail.com","dinhkhanhthien@123456@","2025-11-23 02:11:44","Created","Inserted","153",""
"141","hotuantrang","Hồ Tuấn Trang","pnknn270801@gmail.com","pnknn270801+hotuantrang@gmail.com","hotuantrang@123456@","2025-11-23 06:52:32","Created","Inserted","154",""
"142","phankhanhkhoi","Phan Khánh Khôi","pnknn270802@gmail.com","pnknn270802+phankhanhkhoi@gmail.com","phankhanhkhoi@123456@","2025-11-23 09:43:37","Created","Inserted","155",""
"143","phanquangnghi","Phan Quang Nghi","pnknn270803@gmail.com","pnknn270803+phanquangnghi@gmail.com","phanquangnghi@123456@","2025-11-23 12:48:33","Created","Inserted","156",""
"144","dangthiennam","Đặng Thiên Nam","pnknn270804@gmail.com","pnknn270804+dangthiennam@gmail.com","dangthiennam@123456@","2025-11-23 16:02:01","Created","Inserted","157",""
"145","tranquockiet","Trần Quốc Kiệt","pnknn270801@gmail.com","pnknn270801+tranquockiet@gmail.com","tranquockiet@123456@","2025-11-23 21:40:24","Created","Inserted","158",""
"146","truongnhunghia","Trương Như Nghĩa","pnknn270802@gmail.com","pnknn270802+truongnhunghia@gmail.com","truongnhunghia@123456@","2025-11-24 03:02:19","Created","Inserted","159",""
"147","truongphuongtrang","Trương Phương Trang","pnknn270803@gmail.com","pnknn270803+truongphuongtrang@gmail.com","truongphuongtrang@123456@","2025-11-24 06:18:08","Created","Inserted","160",""
"148","taquangnhung","Tạ Quang Nhung","pnknn270804@gmail.com","pnknn270804+taquangnhung@gmail.com","taquangnhung@123456@","2025-11-24 08:29:06","Created","Inserted","161",""
"149","dinhtuongtung","Đinh Tường Tùng","pnknn270801@gmail.com","pnknn270801+dinhtuongtung@gmail.com","dinhtuongtung@123456@","2025-11-24 12:13:37","Created","Inserted","162",""
"150","lehanhnhi","Lê Hạnh Nhi","pnknn270802@gmail.com","pnknn270802+lehanhnhi@gmail.com","lehanhnhi@123456@","2025-11-24 16:51:07","Created","Inserted","163",""
"151","lamxuankhang","Lâm Xuân Khang","pnknn270803@gmail.com","pnknn270803+lamxuankhang@gmail.com","lamxuankhang@123456@","2025-11-24 20:49:27","Created","Inserted","164",""
"152","lykieuyen","Lý Kiều Yến","pnknn270804@gmail.com","pnknn270804+lykieuyen@gmail.com","lykieuyen@123456@","2025-11-24 22:26:33","Created","Inserted","165",""
"153","mainhunam","Mai Như Nam","pnknn270801@gmail.com","pnknn270801+mainhunam@gmail.com","mainhunam@123456@","2025-11-25 05:08:36","Created","Inserted","166",""
"154","duongkhanhvy2","Dương Khánh Vy","pnknn270802@gmail.com","pnknn270802+duongkhanhvy2@gmail.com","duongkhanhvy2@123456@","2025-11-25 06:17:34","Created","Inserted","167",""
"155","duongthanhhan","Dương Thành Hân","pnknn270803@gmail.com","pnknn270803+duongthanhhan@gmail.com","duongthanhhan@123456@","2025-11-25 10:57:19","Created","Inserted","168",""
"156","maiminhngoc","Mai Minh Ngọc","pnknn270804@gmail.com","pnknn270804+maiminhngoc@gmail.com","maiminhngoc@123456@","2025-11-25 13:54:21","Created","Inserted","169",""
"157","dinhquangtue","Đinh Quang Tuệ","pnknn270801@gmail.com","pnknn270801+dinhquangtue@gmail.com","dinhquangtue@123456@","2025-11-25 19:02:30","Created","Inserted","170",""
"158","chauquocnam","Châu Quốc Nam","pnknn270802@gmail.com","pnknn270802+chauquocnam@gmail.com","chauquocnam@123456@","2025-11-25 20:06:06","Created","Inserted","171",""
"159","vunhatvy","Vũ Nhật Vy","pnknn270803@gmail.com","pnknn270803+vunhatvy@gmail.com","vunhatvy@123456@","2025-11-26 00:38:36","Created","Inserted","172",""
"160","lenhukha","Lê Như Kha","pnknn270804@gmail.com","pnknn270804+lenhukha@gmail.com","lenhukha@123456@","2025-11-26 07:10:06","Created","Inserted","173",""
"161","vutuancuong","Vũ Tuấn Cường","pnknn270801@gmail.com","pnknn270801+vutuancuong@gmail.com","vutuancuong@123456@","2025-11-26 10:25:34","Created","Inserted","174",""
"162","toquoctien","Tô Quốc Tiên","pnknn270802@gmail.com","pnknn270802+toquoctien@gmail.com","toquoctien@123456@","2025-11-26 13:03:31","Created","Inserted","175",""
"163","vuongkieukhang","Vương Kiều Khang","pnknn270803@gmail.com","pnknn270803+vuongkieukhang@gmail.com","vuongkieukhang@123456@","2025-11-26 17:57:06","Created","Inserted","176",""
"164","hoanghailoan","Hoàng Hải Loan","pnknn270804@gmail.com","pnknn270804+hoanghailoan@gmail.com","hoanghailoan@123456@","2025-11-26 19:16:25","Created","Inserted","177",""
"165","tohanhtram","Tô Hạnh Trâm","pnknn270801@gmail.com","pnknn270801+tohanhtram@gmail.com","tohanhtram@123456@","2025-11-27 01:45:16","Created","Inserted","178",""
"166","vuonghaiuyen","Vương Hải Uyên","pnknn270802@gmail.com","pnknn270802+vuonghaiuyen@gmail.com","vuonghaiuyen@123456@","2025-11-27 04:48:54","Created","Inserted","179",""
"167","duongmaihung","Dương Mai Hưng","pnknn270803@gmail.com","pnknn270803+duongmaihung@gmail.com","duongmaihung@123456@","2025-11-27 07:25:06","Created","Inserted","180",""
"168","tomainam","Tô Mai Nam","pnknn270804@gmail.com","pnknn270804+tomainam@gmail.com","tomainam@123456@","2025-11-27 11:28:30","Created","Inserted","181",""
"169","hathaokiet","Hà Thảo Kiệt","pnknn270801@gmail.com","pnknn270801+hathaokiet@gmail.com","hathaokiet@123456@","2025-11-27 15:19:02","Created","Inserted","182",""
"170","vobaophong","Võ Bảo Phong","pnknn270802@gmail.com","pnknn270802+vobaophong@gmail.com","vobaophong@123456@","2025-11-27 20:03:23","Created","Inserted","183",""
"171","trinhthanhanh","Trịnh Thành Ánh","pnknn270803@gmail.com","pnknn270803+trinhthanhanh@gmail.com","trinhthanhanh@123456@","2025-11-27 23:33:08","Created","Inserted","184",""
"172","luuthienduong","Lưu Thiên Dương","pnknn270804@gmail.com","pnknn270804+luuthienduong@gmail.com","luuthienduong@123456@","2025-11-28 01:55:16","Created","Inserted","185",""
"173","trinhhaibach","Trịnh Hải Bách","pnknn270801@gmail.com","pnknn270801+trinhhaibach@gmail.com","trinhhaibach@123456@","2025-11-28 07:22:12","Created","Inserted","186",""
"174","dinhdangnam","Đinh Đăng Nam","pnknn270802@gmail.com","pnknn270802+dinhdangnam@gmail.com","dinhdangnam@123456@","2025-11-28 07:44:45","Created","Inserted","187",""
"175","lyquynhnam","Lý Quỳnh Nam","pnknn270803@gmail.com","pnknn270803+lyquynhnam@gmail.com","lyquynhnam@123456@","2025-11-28 13:42:01","Created","Inserted","188",""
"176","ngoyenphuc","Ngô Yến Phúc","pnknn270804@gmail.com","pnknn270804+ngoyenphuc@gmail.com","ngoyenphuc@123456@","2025-11-28 16:25:22","Created","Inserted","189",""
"177","maicamtung","Mai Cẩm Tùng","pnknn270801@gmail.com","pnknn270801+maicamtung@gmail.com","maicamtung@123456@","2025-11-28 21:52:55","Created","Inserted","190",""
"178","hohailinh","Hồ Hải Linh","pnknn270802@gmail.com","pnknn270802+hohailinh@gmail.com","hohailinh@123456@","2025-11-28 23:40:47","Created","Inserted","191",""
"179","huynhthanhquang","Huỳnh Thành Quang","pnknn270803@gmail.com","pnknn270803+huynhthanhquang@gmail.com","huynhthanhquang@123456@","2025-11-29 05:25:04","Created","Inserted","192",""
"180","trandangan","Trần Đăng An","pnknn270804@gmail.com","pnknn270804+trandangan@gmail.com","trandangan@123456@","2025-11-29 05:57:11","Created","Inserted","193",""
"181","lamthaoquan","Lâm Thảo Quân","pnknn270801@gmail.com","pnknn270801+lamthaoquan@gmail.com","lamthaoquan@123456@","2025-11-29 11:09:13","Created","Inserted","194",""
"182","vuongphuongtu","Vương Phương Tú","pnknn270802@gmail.com","pnknn270802+vuongphuongtu@gmail.com","vuongphuongtu@123456@","2025-11-29 13:38:16","Created","Inserted","195",""
"183","tranyenhien","Trần Yến Hiền","pnknn270803@gmail.com","pnknn270803+tranyenhien@gmail.com","tranyenhien@123456@","2025-11-29 19:36:00","Created","Inserted","196",""
"184","doantuanson","Đoàn Tuấn Sơn","pnknn270804@gmail.com","pnknn270804+doantuanson@gmail.com","doantuanson@123456@","2025-11-29 22:04:45","Created","Inserted","197",""
"185","huynhkieuan","Huỳnh Kiều An","pnknn270801@gmail.com","pnknn270801+huynhkieuan@gmail.com","huynhkieuan@123456@","2025-11-30 02:12:55","Created","Inserted","198",""
"186","huynhquynhnghi","Huỳnh Quỳnh Nghi","pnknn270802@gmail.com","pnknn270802+huynhquynhnghi@gmail.com","huynhquynhnghi@123456@","2025-11-30 07:51:35","Created","Inserted","199",""
"187","lytrongha","Lý Trọng Hà","pnknn270803@gmail.com","pnknn270803+lytrongha@gmail.com","lytrongha@123456@","2025-11-30 09:10:23","Created","Inserted","200",""
"188","ngoquanghoa","Ngô Quang Hòa","pnknn270804@gmail.com","pnknn270804+ngoquanghoa@gmail.com","ngoquanghoa@123456@","2025-11-30 13:11:21","Created","Inserted","201",""
"189","caonhatbinh","Cao Nhật Bình","pnknn270801@gmail.com","pnknn270801+caonhatbinh@gmail.com","caonhatbinh@123456@","2025-11-30 17:11:53","Created","Inserted","202",""
"190","doanquynhduong","Đoàn Quỳnh Dương","pnknn270802@gmail.com","pnknn270802+doanquynhduong@gmail.com","doanquynhduong@123456@","2025-11-30 21:21:27","Created","Inserted","203",""
"191","vutuongthinh","Vũ Tường Thịnh","pnknn270803@gmail.com","pnknn270803+vutuongthinh@gmail.com","vutuongthinh@123456@","2025-11-30 23:39:03","Created","Inserted","204",""
"192","lephucquyen","Lê Phúc Quyên","pnknn270804@gmail.com","pnknn270804+lephucquyen@gmail.com","lephucquyen@123456@","2025-12-01 03:25:13","Created","Inserted","205",""
"193","phamthanhngan","Phạm Thành Ngân","pnknn270801@gmail.com","pnknn270801+phamthanhngan@gmail.com","phamthanhngan@123456@","2025-12-01 07:57:42","Created","Inserted","206",""
"194","duongkhanhha","Dương Khánh Hà","pnknn270802@gmail.com","pnknn270802+duongkhanhha@gmail.com","duongkhanhha@123456@","2025-12-01 11:14:40","Created","Inserted","207",""
"195","buingochoang","Bùi Ngọc Hoàng","pnknn270803@gmail.com","pnknn270803+buingochoang@gmail.com","buingochoang@123456@","2025-12-01 16:35:22","Created","Inserted","208",""
"196","luutuannghi","Lưu Tuấn Nghi","pnknn270804@gmail.com","pnknn270804+luutuannghi@gmail.com","luutuannghi@123456@","2025-12-01 19:00:15","Created","Inserted","209",""
"197","buituongbao","Bùi Tường Bảo","pnknn270801@gmail.com","pnknn270801+buituongbao@gmail.com","buituongbao@123456@","2025-12-01 21:33:33","Created","Inserted","210",""
"198","caomyha","Cao Mỹ Hà","pnknn270802@gmail.com","pnknn270802+caomyha@gmail.com","caomyha@123456@","2025-12-02 03:27:31","Created","Inserted","211",""
"199","doanhoanglong","Đoàn Hoàng Long","pnknn270803@gmail.com","pnknn270803+doanhoanglong@gmail.com","doanhoanglong@123456@","2025-12-02 07:51:14","Created","Inserted","212",""
"200","duongthuquang","Dương Thu Quang","pnknn270804@gmail.com","pnknn270804+duongthuquang@gmail.com","duongthuquang@123456@","2025-12-02 08:36:18","Created","Inserted","213",""
"201","dothaoduy","Đỗ Thảo Duy","pnknn270801@gmail.com","pnknn270801+dothaoduy@gmail.com","dothaoduy@123456@","2025-12-02 14:57:35","Created","Inserted","214",""
"202","vokieutram","Võ Kiều Trâm","pnknn270802@gmail.com","pnknn270802+vokieutram@gmail.com","vokieutram@123456@","2025-12-02 17:50:40","Created","Inserted","215",""
"203","phanthienuy","Phan Thiên Uy","pnknn270803@gmail.com","pnknn270803+phanthienuy@gmail.com","phanthienuy@123456@","2025-12-02 19:35:41","Created","Inserted","216",""
"204","dogianam","Đỗ Gia Nam","pnknn270804@gmail.com","pnknn270804+dogianam@gmail.com","dogianam@123456@","2025-12-02 23:44:13","Created","Inserted","217",""
"205","phantuanquang","Phan Tuấn Quang","pnknn270801@gmail.com","pnknn270801+phantuanquang@gmail.com","phantuanquang@123456@","2025-12-03 06:18:32","Created","Inserted","218",""
"206","vuongtanduc","Vương Tấn Đức","pnknn270802@gmail.com","pnknn270802+vuongtanduc@gmail.com","vuongtanduc@123456@","2025-12-03 09:58:33","Created","Inserted","219",""
"207","dokieunghia","Đỗ Kiều Nghĩa","pnknn270803@gmail.com","pnknn270803+dokieunghia@gmail.com","dokieunghia@123456@","2025-12-03 12:16:05","Created","Inserted","220",""
"208","lethaoanh","Lê Thảo Anh","pnknn270804@gmail.com","pnknn270804+lethaoanh@gmail.com","lethaoanh@123456@","2025-12-03 15:37:18","Created","Inserted","221",""
"209","dinhhoangtran","Đinh Hoàng Trân","pnknn270801@gmail.com","pnknn270801+dinhhoangtran@gmail.com","dinhhoangtran@123456@","2025-12-03 20:12:30","Created","Inserted","222",""
"210","duongnhukhang","Dương Như Khang","pnknn270802@gmail.com","pnknn270802+duongnhukhang@gmail.com","duongnhukhang@123456@","2025-12-04 00:40:47","Created","Inserted","223",""
"211","ngogiathuy","Ngô Gia Thủy","pnknn270803@gmail.com","pnknn270803+ngogiathuy@gmail.com","ngogiathuy@123456@","2025-12-04 01:39:33","Created","Inserted","224",""
"212","hoxuanthuy","Hồ Xuân Thủy","pnknn270804@gmail.com","pnknn270804+hoxuanthuy@gmail.com","hoxuanthuy@123456@","2025-12-04 07:35:36","Created","Inserted","225",""
"213","luutanphuc","Lưu Tấn Phúc","pnknn270801@gmail.com","pnknn270801+luutanphuc@gmail.com","luutanphuc@123456@","2025-12-04 10:06:51","Created","Inserted","226",""
"214","maiquochuy","Mai Quốc Huy","pnknn270802@gmail.com","pnknn270802+maiquochuy@gmail.com","maiquochuy@123456@","2025-12-04 13:51:20","Created","Inserted","227",""
"215","trinhtuanman","Trịnh Tuấn Mẫn","pnknn270803@gmail.com","pnknn270803+trinhtuanman@gmail.com","trinhtuanman@123456@","2025-12-04 17:15:30","Created","Inserted","228",""
"216","vuonghuuduy","Vương Hữu Duy","pnknn270804@gmail.com","pnknn270804+vuonghuuduy@gmail.com","vuonghuuduy@123456@","2025-12-04 19:52:02","Created","Inserted","229",""
"217","caophucduong","Cao Phúc Dương","pnknn270801@gmail.com","pnknn270801+caophucduong@gmail.com","caophucduong@123456@","2025-12-04 23:42:57","Created","Inserted","230",""
"218","truongductu","Trương Đức Tú","pnknn270802@gmail.com","pnknn270802+truongductu@gmail.com","truongductu@123456@","2025-12-05 06:34:18","Created","Inserted","231",""
"219","hoanganhtrang","Hoàng Anh Trang","pnknn270803@gmail.com","pnknn270803+hoanganhtrang@gmail.com","hoanganhtrang@123456@","2025-12-05 10:24:35","Created","Inserted","232",""
"220","huynhthienhieu","Huỳnh Thiên Hiếu","pnknn270804@gmail.com","pnknn270804+huynhthienhieu@gmail.com","huynhthienhieu@123456@","2025-12-05 12:45:45","Created","Inserted","233",""
"221","taquynhthien","Tạ Quỳnh Thiện","pnknn270801@gmail.com","pnknn270801+taquynhthien@gmail.com","taquynhthien@123456@","2025-12-05 15:46:32","Created","Inserted","234",""
"222","lekhanhsang","Lê Khánh Sang","pnknn270802@gmail.com","pnknn270802+lekhanhsang@gmail.com","lekhanhsang@123456@","2025-12-05 18:56:06","Created","Inserted","235",""
"223","trinhhuutram","Trịnh Hữu Trâm","pnknn270803@gmail.com","pnknn270803+trinhhuutram@gmail.com","trinhhuutram@123456@","2025-12-06 00:07:50","Created","Inserted","236",""
"224","togiahung","Tô Gia Hưng","pnknn270804@gmail.com","pnknn270804+togiahung@gmail.com","togiahung@123456@","2025-12-06 02:08:17","Created","Inserted","237",""
"225","phamnhutung","Phạm Như Tùng","pnknn270801@gmail.com","pnknn270801+phamnhutung@gmail.com","phamnhutung@123456@","2025-12-06 07:47:24","Created","Inserted","238",""
"226","phanminhquyen","Phan Minh Quyên","pnknn270802@gmail.com","pnknn270802+phanminhquyen@gmail.com","phanminhquyen@123456@","2025-12-06 10:17:27","Created","Inserted","239",""
"227","chaugiaduy","Châu Gia Duy","pnknn270803@gmail.com","pnknn270803+chaugiaduy@gmail.com","chaugiaduy@123456@","2025-12-06 15:35:06","Created","Inserted","240",""
"228","doanhdiep","Đỗ Anh Diệp","pnknn270804@gmail.com","pnknn270804+doanhdiep@gmail.com","doanhdiep@123456@","2025-12-06 17:23:03","Created","Inserted","241",""
"229","hoangkhanhthao","Hoàng Khánh Thảo","pnknn270801@gmail.com","pnknn270801+hoangkhanhthao@gmail.com","hoangkhanhthao@123456@","2025-12-06 23:07:52","Created","Inserted","242",""
"230","caothaoquang","Cao Thảo Quang","pnknn270802@gmail.com","pnknn270802+caothaoquang@gmail.com","caothaoquang@123456@","2025-12-07 01:50:11","Created","Inserted","243",""
"231","trantuongphong","Trần Tường Phong","pnknn270803@gmail.com","pnknn270803+trantuongphong@gmail.com","trantuongphong@123456@","2025-12-07 05:56:49","Created","Inserted","244",""
"232","dangbaonghi2","Đặng Bảo Nghi","pnknn270804@gmail.com","pnknn270804+dangbaonghi2@gmail.com","dangbaonghi2@123456@","2025-12-07 09:14:08","Created","Inserted","245",""
"233","daoquynhson","Đào Quỳnh Sơn","pnknn270801@gmail.com","pnknn270801+daoquynhson@gmail.com","daoquynhson@123456@","2025-12-07 11:27:14","Created","Inserted","246",""
"234","vothienkiet","Võ Thiên Kiệt","pnknn270802@gmail.com","pnknn270802+vothienkiet@gmail.com","vothienkiet@123456@","2025-12-07 16:22:38","Created","Inserted","247",""
"235","phamminhnhung","Phạm Minh Nhung","pnknn270803@gmail.com","pnknn270803+phamminhnhung@gmail.com","phamminhnhung@123456@","2025-12-07 21:10:09","Created","Inserted","248",""
"236","hoangkhanhyen","Hoàng Khánh Yến","pnknn270804@gmail.com","pnknn270804+hoangkhanhyen@gmail.com","hoangkhanhyen@123456@","2025-12-08 01:34:06","Created","Inserted","249",""
"237","huynhthaoquang","Huỳnh Thảo Quang","pnknn270801@gmail.com","pnknn270801+huynhthaoquang@gmail.com","huynhthaoquang@123456@","2025-12-08 05:09:41","Created","Inserted","250",""
"238","buingoctran","Bùi Ngọc Trân","pnknn270802@gmail.com","pnknn270802+buingoctran@gmail.com","buingoctran@123456@","2025-12-08 09:15:15","Created","Inserted","251",""
"239","dinhkieuky","Đinh Kiều Kỳ","pnknn270803@gmail.com","pnknn270803+dinhkieuky@gmail.com","dinhkieuky@123456@","2025-12-08 12:48:16","Created","Inserted","252",""
"240","maingocbao","Mai Ngọc Bảo","pnknn270804@gmail.com","pnknn270804+maingocbao@gmail.com","maingocbao@123456@","2025-12-08 15:15:42","Created","Inserted","253",""
"241","hoanhhung","Hồ Anh Hưng","pnknn270801@gmail.com","pnknn270801+hoanhhung@gmail.com","hoanhhung@123456@","2025-12-08 18:06:03","Created","Inserted","254",""
"242","duongkhanhtue","Dương Khánh Tuệ","pnknn270802@gmail.com","pnknn270802+duongkhanhtue@gmail.com","duongkhanhtue@123456@","2025-12-08 22:35:32","Created","Inserted","255",""
"243","dohuutran","Đỗ Hữu Trân","pnknn270803@gmail.com","pnknn270803+dohuutran@gmail.com","dohuutran@123456@","2025-12-09 03:04:27","Created","Inserted","256",""
"244","huynhgiatriet","Huỳnh Gia Triết","pnknn270804@gmail.com","pnknn270804+huynhgiatriet@gmail.com","huynhgiatriet@123456@","2025-12-09 04:21:02","Created","Inserted","257",""
"245","duongkhanhchi","Dương Khánh Chi","pnknn270801@gmail.com","pnknn270801+duongkhanhchi@gmail.com","duongkhanhchi@123456@","2025-12-09 09:15:22","Created","Inserted","258",""
"246","maiquynhtam","Mai Quỳnh Tâm","pnknn270802@gmail.com","pnknn270802+maiquynhtam@gmail.com","maiquynhtam@123456@","2025-12-09 11:45:08","Created","Inserted","259",""
"247","hadieuminh","Hà Diệu Minh","pnknn270803@gmail.com","pnknn270803+hadieuminh@gmail.com","hadieuminh@123456@","2025-12-09 17:48:53","Created","Inserted","260",""
"248","ngomaithinh","Ngô Mai Thịnh","pnknn270804@gmail.com","pnknn270804+ngomaithinh@gmail.com","ngomaithinh@123456@","2025-12-09 21:17:19","Created","Inserted","261",""
"249","doanxuanmai","Đoàn Xuân Mai","pnknn270801@gmail.com","pnknn270801+doanxuanmai@gmail.com","doanxuanmai@123456@","2025-12-10 00:47:35","Created","Inserted","262",""
"250","dinhthanhtran","Đinh Thành Trân","pnknn270802@gmail.com","pnknn270802+dinhthanhtran@gmail.com","dinhthanhtran@123456@","2025-12-10 05:55:23","Created","Inserted","263",""
"251","lethanhsang","Lê Thành Sang","pnknn270803@gmail.com","pnknn270803+lethanhsang@gmail.com","lethanhsang@123456@","2025-12-10 08:43:18","Created","Inserted","264",""
"252","dangyenbach","Đặng Yến Bách","pnknn270804@gmail.com","pnknn270804+dangyenbach@gmail.com","dangyenbach@123456@","2025-12-10 11:22:25","Created","Inserted","265",""
"253","chauthienhoang","Châu Thiên Hoàng","pnknn270801@gmail.com","pnknn270801+chauthienhoang@gmail.com","chauthienhoang@123456@","2025-12-10 15:55:28","Created","Inserted","266",""
"254","dongocloan","Đỗ Ngọc Loan","pnknn270802@gmail.com","pnknn270802+dongocloan@gmail.com","dongocloan@123456@","2025-12-10 20:06:50","Created","Inserted","267",""
"255","hothienchi","Hồ Thiên Chi","pnknn270803@gmail.com","pnknn270803+hothienchi@gmail.com","hothienchi@123456@","2025-12-10 20:59:15","Created","Inserted","268",""
"256","doangiaphong","Đoàn Gia Phong","pnknn270804@gmail.com","pnknn270804+doangiaphong@gmail.com","doangiaphong@123456@","2025-12-11 01:57:37","Created","Inserted","269",""
"257","tanhuquyen","Tạ Như Quyên","pnknn270801@gmail.com","pnknn270801+tanhuquyen@gmail.com","tanhuquyen@123456@","2025-12-11 05:55:29","Created","Inserted","270",""
"258","dodanglam","Đỗ Đăng Lâm","pnknn270802@gmail.com","pnknn270802+dodanglam@gmail.com","dodanglam@123456@","2025-12-11 10:13:15","Created","Inserted","271",""
"259","doanduclinh","Đoàn Đức Linh","pnknn270803@gmail.com","pnknn270803+doanduclinh@gmail.com","doanduclinh@123456@","2025-12-11 12:12:19","CreatedByAdmin","Inserted","272",""
"260","vothaohien","Võ Thảo Hiền","pnknn270804@gmail.com","pnknn270804+vothaohien@gmail.com","vothaohien@123456@","2025-12-11 17:42:31","CreatedByAdmin","Inserted","273",""
"261","trinhtuantrang","Trịnh Tuấn Trang","pnknn270801@gmail.com","pnknn270801+trinhtuantrang@gmail.com","trinhtuantrang@123456@","2025-12-11 20:04:09","Created","Inserted","274",""
"262","phamphucnhat","Phạm Phúc Nhật","pnknn270802@gmail.com","pnknn270802+phamphucnhat@gmail.com","phamphucnhat@123456@","2025-12-12 02:07:44","Created","Inserted","275",""
"263","tophuongquang","Tô Phương Quang","pnknn270803@gmail.com","pnknn270803+tophuongquang@gmail.com","tophuongquang@123456@","2025-12-12 04:41:48","CreatedByAdmin","Inserted","276",""
"264","vutuannam","Vũ Tuấn Nam","pnknn270804@gmail.com","pnknn270804+vutuannam@gmail.com","vutuannam@123456@","2025-12-12 09:20:45","CreatedByAdmin","Inserted","277",""
"265","dinhquynhlinh","Đinh Quỳnh Linh","pnknn270801@gmail.com","pnknn270801+dinhquynhlinh@gmail.com","dinhquynhlinh@123456@","2025-12-12 10:53:00","CreatedByAdmin","Inserted","278",""
"266","doankimtruc","Đoàn Kim Trúc","pnknn270802@gmail.com","pnknn270802+doankimtruc@gmail.com","doankimtruc@123456@","2025-12-12 16:23:21","CreatedByAdmin","Inserted","279",""
"267","dinhthutran","Đinh Thu Trân","pnknn270803@gmail.com","pnknn270803+dinhthutran@gmail.com","dinhthutran@123456@","2025-12-12 19:55:09","CreatedByAdmin","Inserted","280",""
"268","dinhmaison","Đinh Mai Sơn","pnknn270804@gmail.com","pnknn270804+dinhmaison@gmail.com","dinhmaison@123456@","2025-12-13 00:50:41","CreatedByAdmin","Inserted","281",""
"269","taquoclam","Tạ Quốc Lâm","pnknn270801@gmail.com","pnknn270801+taquoclam@gmail.com","taquoclam@123456@","2025-12-13 02:53:55","CreatedByAdmin","Inserted","282",""
"270","maimaiquang","Mai Mai Quang","pnknn270802@gmail.com","pnknn270802+maimaiquang@gmail.com","maimaiquang@123456@","2025-12-13 06:50:43","CreatedByAdmin","Inserted","283",""
"271","trinhtuongchau","Trịnh Tường Châu","pnknn270803@gmail.com","pnknn270803+trinhtuongchau@gmail.com","trinhtuongchau@123456@","2025-12-13 10:07:43","CreatedByAdmin","Inserted","284",""
"272","dinhtanson","Đinh Tấn Sơn","pnknn270804@gmail.com","pnknn270804+dinhtanson@gmail.com","dinhtanson@123456@","2025-12-13 12:50:52","CreatedByAdmin","Inserted","285",""
"273","hathuvy","Hà Thu Vy","pnknn270801@gmail.com","pnknn270801+hathuvy@gmail.com","hathuvy@123456@","2025-12-13 19:09:27","Created","Inserted","286",""
"274","truongquynhnam","Trương Quỳnh Nam","pnknn270802@gmail.com","pnknn270802+truongquynhnam@gmail.com","truongquynhnam@123456@","2025-12-13 23:02:53","Created","Inserted","287",""
"275","duongthaonghi","Dương Thảo Nghi","pnknn270803@gmail.com","pnknn270803+duongthaonghi@gmail.com","duongthaonghi@123456@","2025-12-14 01:43:43","Created","Inserted","288",""
"276","hogiaquang","Hồ Gia Quang","pnknn270804@gmail.com","pnknn270804+hogiaquang@gmail.com","hogiaquang@123456@","2025-12-14 06:17:27","CreatedByAdmin","Inserted","289",""
"277","hoangthaonam","Hoàng Thảo Nam","pnknn270801@gmail.com","pnknn270801+hoangthaonam@gmail.com","hoangthaonam@123456@","2025-12-14 08:05:16","CreatedByAdmin","Inserted","290",""
"278","vuongdangduy","Vương Đăng Duy","pnknn270802@gmail.com","pnknn270802+vuongdangduy@gmail.com","vuongdangduy@123456@","2025-12-14 11:51:41","CreatedByAdmin","Inserted","291",""
"279","vunhuman","Vũ Như Mẫn","pnknn270803@gmail.com","pnknn270803+vunhuman@gmail.com","vunhuman@123456@","2025-12-14 17:40:19","CreatedByAdmin","Inserted","292",""
"280","dangkhanhtu","Đặng Khánh Tú","pnknn270804@gmail.com","pnknn270804+dangkhanhtu@gmail.com","dangkhanhtu@123456@","2025-12-14 18:23:59","CreatedByAdmin","Inserted","293",""
"281","chaudangnam","Châu Đăng Nam","pnknn270801@gmail.com","pnknn270801+chaudangnam@gmail.com","chaudangnam@123456@","2025-12-14 21:43:37","CreatedByAdmin","Inserted","294",""
"282","phanductam","Phan Đức Tâm","pnknn270802@gmail.com","pnknn270802+phanductam@gmail.com","phanductam@123456@","2025-12-15 02:01:39","CreatedByAdmin","Inserted","295",""
"283","daoquangsang","Đào Quang Sang","pnknn270803@gmail.com","pnknn270803+daoquangsang@gmail.com","daoquangsang@123456@","2025-12-15 06:21:32","CreatedByAdmin","Inserted","296",""
"284","truongmyngan","Trương Mỹ Ngân","pnknn270804@gmail.com","pnknn270804+truongmyngan@gmail.com","truongmyngan@123456@","2025-12-15 10:09:07","CreatedByAdmin","Inserted","297",""
"285","lykimcuong","Lý Kim Cường","pnknn270801@gmail.com","pnknn270801+lykimcuong@gmail.com","lykimcuong@123456@","2025-12-15 12:34:35","CreatedByAdmin","Inserted","298",""
"286","dinhquocthu","Đinh Quốc Thư","pnknn270802@gmail.com","pnknn270802+dinhquocthu@gmail.com","dinhquocthu@123456@","2025-12-15 18:17:02","Created","Inserted","299",""
"287","hathanhlam","Hà Thanh Lâm","pnknn270803@gmail.com","pnknn270803+hathanhlam@gmail.com","hathanhlam@123456@","2025-12-15 21:58:22","CreatedByAdmin","Inserted","300",""
"288","caophuongduong","Cao Phương Dương","pnknn270804@gmail.com","pnknn270804+caophuongduong@gmail.com","caophuongduong@123456@","2025-12-16 01:07:06","CreatedByAdmin","Inserted","301",""
"289","dothaolinh","Đỗ Thảo Linh","pnknn270801@gmail.com","pnknn270801+dothaolinh@gmail.com","dothaolinh@123456@","2025-12-16 04:15:00","Created","Inserted","302",""
"290","dinhbaotung","Đinh Bảo Tùng","pnknn270802@gmail.com","pnknn270802+dinhbaotung@gmail.com","dinhbaotung@123456@","2025-12-16 09:15:15","CreatedByAdmin","Inserted","303",""
"291","caothutruc","Cao Thu Trúc","pnknn270803@gmail.com","pnknn270803+caothutruc@gmail.com","caothutruc@123456@","2025-12-16 13:46:20","CreatedByAdmin","Inserted","304",""
"292","lyngocha","Lý Ngọc Hà","pnknn270804@gmail.com","pnknn270804+lyngocha@gmail.com","lyngocha@123456@","2025-12-16 16:21:23","Created","Inserted","305",""
"293","taanhtin","Tạ Anh Tín","pnknn270801@gmail.com","pnknn270801+taanhtin@gmail.com","taanhtin@123456@","2025-12-16 19:55:51","CreatedByAdmin","Inserted","306",""
"294","dothanhnhi","Đỗ Thành Nhi","pnknn270802@gmail.com","pnknn270802+dothanhnhi@gmail.com","dothanhnhi@123456@","2025-12-16 22:12:16","CreatedByAdmin","Inserted","307",""
"295","trinhkhanhkha","Trịnh Khánh Kha","pnknn270803@gmail.com","pnknn270803+trinhkhanhkha@gmail.com","trinhkhanhkha@123456@","2025-12-17 03:12:28","CreatedByAdmin","Inserted","308",""
"296","hoquynhnhat","Hồ Quỳnh Nhật","pnknn270804@gmail.com","pnknn270804+hoquynhnhat@gmail.com","hoquynhnhat@123456@","2025-12-17 06:22:06","CreatedByAdmin","Inserted","309",""
"297","lamthiennam","Lâm Thiên Nam","pnknn270801@gmail.com","pnknn270801+lamthiennam@gmail.com","lamthiennam@123456@","2025-12-17 12:10:55","CreatedByAdmin","Inserted","310",""
"298","tathienhoa","Tạ Thiên Hòa","pnknn270802@gmail.com","pnknn270802+tathienhoa@gmail.com","tathienhoa@123456@","2025-12-17 14:57:10","CreatedByAdmin","Inserted","311",""
"299","trinhquangngoc","Trịnh Quang Ngọc","pnknn270803@gmail.com","pnknn270803+trinhquangngoc@gmail.com","trinhquangngoc@123456@","2025-12-17 19:24:14","CreatedByAdmin","Inserted","312",""
"300","vuongthanhman","Vương Thanh Mẫn","pnknn270804@gmail.com","pnknn270804+vuongthanhman@gmail.com","vuongthanhman@123456@","2025-12-17 21:05:51","CreatedByAdmin","Inserted","313",""
"301","dinhngochuy","Đinh Ngọc Huy","pnknn270801@gmail.com","pnknn270801+dinhngochuy@gmail.com","dinhngochuy@123456@","2025-12-18 03:25:52","CreatedByAdmin","Inserted","314",""
"302","truongmyloan","Trương Mỹ Loan","pnknn270802@gmail.com","pnknn270802+truongmyloan@gmail.com","truongmyloan@123456@","2025-12-18 05:00:07","Created","Inserted","315",""
"303","dodieuthuy","Đỗ Diệu Thủy","pnknn270803@gmail.com","pnknn270803+dodieuthuy@gmail.com","dodieuthuy@123456@","2025-12-18 08:11:01","CreatedByAdmin","Inserted","316",""
"304","phamkhanhhoa","Phạm Khánh Hòa","pnknn270804@gmail.com","pnknn270804+phamkhanhhoa@gmail.com","phamkhanhhoa@123456@","2025-12-18 12:55:04","Created","Inserted","317",""
"305","phanhaibach","Phan Hải Bách","pnknn270801@gmail.com","pnknn270801+phanhaibach@gmail.com","phanhaibach@123456@","2025-12-18 17:58:07","CreatedByAdmin","Inserted","318",""
"306","taquocnghia","Tạ Quốc Nghĩa","pnknn270802@gmail.com","pnknn270802+taquocnghia@gmail.com","taquocnghia@123456@","2025-12-18 18:43:04","CreatedByAdmin","Inserted","319",""
"307","phantuankha","Phan Tuấn Kha","pnknn270803@gmail.com","pnknn270803+phantuankha@gmail.com","phantuankha@123456@","2025-12-18 23:44:31","CreatedByAdmin","Inserted","320",""
"308","dinhquynhanh","Đinh Quỳnh Ánh","pnknn270804@gmail.com","pnknn270804+dinhquynhanh@gmail.com","dinhquynhanh@123456@","2025-12-19 05:24:18","CreatedByAdmin","Inserted","321",""
"309","lamthaonam","Lâm Thảo Nam","pnknn270801@gmail.com","pnknn270801+lamthaonam@gmail.com","lamthaonam@123456@","2025-12-19 09:11:53","CreatedByAdmin","Inserted","322",""
"310","vukieukiet","Vũ Kiều Kiệt","pnknn270802@gmail.com","pnknn270802+vukieukiet@gmail.com","vukieukiet@123456@","2025-12-19 10:24:20","CreatedByAdmin","Inserted","323",""
"311","duonghaitin","Dương Hải Tín","pnknn270803@gmail.com","pnknn270803+duonghaitin@gmail.com","duonghaitin@123456@","2025-12-19 16:46:41","Created","Inserted","324",""
"312","ledangnam","Lê Đăng Nam","pnknn270804@gmail.com","pnknn270804+ledangnam@gmail.com","ledangnam@123456@","2025-12-19 19:35:18","CreatedByAdmin","Inserted","325",""
"313","hanhatuyen","Hà Nhật Uyên","pnknn270801@gmail.com","pnknn270801+hanhatuyen@gmail.com","hanhatuyen@123456@","2025-12-19 21:57:57","Created","Inserted","326",""
"314","hotrongan","Hồ Trọng An","pnknn270802@gmail.com","pnknn270802+hotrongan@gmail.com","hotrongan@123456@","2025-12-20 02:13:00","CreatedByAdmin","Inserted","327",""
"315","luuphucvinh","Lưu Phúc Vinh","pnknn270803@gmail.com","pnknn270803+luuphucvinh@gmail.com","luuphucvinh@123456@","2025-12-20 06:19:42","CreatedByAdmin","Inserted","328",""
"316","nguyenquocnam","Nguyễn Quốc Nam","pnknn270804@gmail.com","pnknn270804+nguyenquocnam@gmail.com","nguyenquocnam@123456@","2025-12-20 08:53:29","CreatedByAdmin","Inserted","329",""
"317","trinhthanhquang","Trịnh Thanh Quang","pnknn270801@gmail.com","pnknn270801+trinhthanhquang@gmail.com","trinhthanhquang@123456@","2025-12-20 13:02:30","CreatedByAdmin","Inserted","330",""
"318","vokimtung","Võ Kim Tùng","pnknn270802@gmail.com","pnknn270802+vokimtung@gmail.com","vokimtung@123456@","2025-12-20 15:15:41","Created","Inserted","331",""
"319","leanhuy","Lê Anh Uy","pnknn270803@gmail.com","pnknn270803+leanhuy@gmail.com","leanhuy@123456@","2025-12-20 21:38:36","CreatedByAdmin","Inserted","332",""
"320","lamhanhdat","Lâm Hạnh Đạt","pnknn270804@gmail.com","pnknn270804+lamhanhdat@gmail.com","lamhanhdat@123456@","2025-12-21 01:09:23","CreatedByAdmin","Inserted","333",""
"321","ngoquynhlam","Ngô Quỳnh Lâm","pnknn270801@gmail.com","pnknn270801+ngoquynhlam@gmail.com","ngoquynhlam@123456@","2025-12-21 03:04:50","CreatedByAdmin","Inserted","334",""
"322","chauthanhthao","Châu Thành Thảo","pnknn270802@gmail.com","pnknn270802+chauthanhthao@gmail.com","chauthanhthao@123456@","2025-12-21 07:31:47","CreatedByAdmin","Inserted","335",""
"323","tranminhhuyen","Trần Minh Huyền","pnknn270803@gmail.com","pnknn270803+tranminhhuyen@gmail.com","tranminhhuyen@123456@","2025-12-21 11:37:28","CreatedByAdmin","Inserted","336",""
"324","lekieusang","Lê Kiều Sang","pnknn270804@gmail.com","pnknn270804+lekieusang@gmail.com","lekieusang@123456@","2025-12-21 13:56:57","CreatedByAdmin","Inserted","337",""
"325","totuantram","Tô Tuấn Trâm","pnknn270801@gmail.com","pnknn270801+totuantram@gmail.com","totuantram@123456@","2025-12-21 18:28:33","CreatedByAdmin","Inserted","338",""
"326","vuongdieutin","Vương Diệu Tín","pnknn270802@gmail.com","pnknn270802+vuongdieutin@gmail.com","vuongdieutin@123456@","2025-12-21 21:56:19","Created","Inserted","339",""
"327","lehoangvy","Lê Hoàng Vy","pnknn270803@gmail.com","pnknn270803+lehoangvy@gmail.com","lehoangvy@123456@","2025-12-22 04:07:50","CreatedByAdmin","Inserted","340",""
"328","tohanhkhoa","Tô Hạnh Khoa","pnknn270804@gmail.com","pnknn270804+tohanhkhoa@gmail.com","tohanhkhoa@123456@","2025-12-22 06:37:39","CreatedByAdmin","Inserted","341",""
"329","phammyhoang","Phạm Mỹ Hoàng","pnknn270801@gmail.com","pnknn270801+phammyhoang@gmail.com","phammyhoang@123456@","2025-12-22 10:51:18","CreatedByAdmin","Inserted","342",""
"330","daothaonghia","Đào Thảo Nghĩa","pnknn270802@gmail.com","pnknn270802+daothaonghia@gmail.com","daothaonghia@123456@","2025-12-22 12:55:07","CreatedByAdmin","Inserted","343",""
"331","lykimtoan","Lý Kim Toàn","pnknn270803@gmail.com","pnknn270803+lykimtoan@gmail.com","lykimtoan@123456@","2025-12-22 16:29:51","CreatedByAdmin","Inserted","344",""
"332","buixuanquan","Bùi Xuân Quân","pnknn270804@gmail.com","pnknn270804+buixuanquan@gmail.com","buixuanquan@123456@","2025-12-22 19:57:42","Created","Inserted","345",""
"333","tadangtruc","Tạ Đăng Trúc","pnknn270801@gmail.com","pnknn270801+tadangtruc@gmail.com","tadangtruc@123456@","2025-12-23 00:43:53","Created","Inserted","346",""
"334","tohuutri","Tô Hữu Trí","pnknn270802@gmail.com","pnknn270802+tohuutri@gmail.com","tohuutri@123456@","2025-12-23 03:14:43","CreatedByAdmin","Inserted","347",""
"335","hoangkhanhduong","Hoàng Khánh Dương","pnknn270803@gmail.com","pnknn270803+hoangkhanhduong@gmail.com","hoangkhanhduong@123456@","2025-12-23 08:52:44","CreatedByAdmin","Inserted","348",""
"336","trinhducanh","Trịnh Đức Anh","pnknn270804@gmail.com","pnknn270804+trinhducanh@gmail.com","trinhducanh@123456@","2025-12-23 12:09:44","CreatedByAdmin","Inserted","349",""
"337","lyhoanguyen","Lý Hoàng Uyên","pnknn270801@gmail.com","pnknn270801+lyhoanguyen@gmail.com","lyhoanguyen@123456@","2025-12-23 14:59:38","CreatedByAdmin","Inserted","350",""
"338","vuongyennghia","Vương Yến Nghĩa","pnknn270802@gmail.com","pnknn270802+vuongyennghia@gmail.com","vuongyennghia@123456@","2025-12-23 19:04:03","CreatedByAdmin","Inserted","351",""
"339","truonghanhvinh","Trương Hạnh Vinh","pnknn270803@gmail.com","pnknn270803+truonghanhvinh@gmail.com","truonghanhvinh@123456@","2025-12-23 22:07:49","CreatedByAdmin","Inserted","352",""
"340","trandieuuy","Trần Diệu Uy","pnknn270804@gmail.com","pnknn270804+trandieuuy@gmail.com","trandieuuy@123456@","2025-12-24 01:38:46","CreatedByAdmin","Inserted","353",""
"341","vuonghaibach","Vương Hải Bách","pnknn270801@gmail.com","pnknn270801+vuonghaibach@gmail.com","vuonghaibach@123456@","2025-12-24 07:05:47","Created","Inserted","354",""
"342","phamtuongtrang","Phạm Tường Trang","pnknn270802@gmail.com","pnknn270802+phamtuongtrang@gmail.com","phamtuongtrang@123456@","2025-12-24 10:10:30","CreatedByAdmin","Inserted","355",""
"343","vuonghanhloan","Vương Hạnh Loan","pnknn270803@gmail.com","pnknn270803+vuonghanhloan@gmail.com","vuonghanhloan@123456@","2025-12-24 14:54:22","CreatedByAdmin","Inserted","356",""
"344","hahanhminh","Hà Hạnh Minh","pnknn270804@gmail.com","pnknn270804+hahanhminh@gmail.com","hahanhminh@123456@","2025-12-24 16:05:48","CreatedByAdmin","Inserted","357",""
"345","maiyenviet","Mai Yến Việt","pnknn270801@gmail.com","pnknn270801+maiyenviet@gmail.com","maiyenviet@123456@","2025-12-24 22:05:26","CreatedByAdmin","Inserted","358",""
"346","voxuananh","Võ Xuân Anh","pnknn270802@gmail.com","pnknn270802+voxuananh@gmail.com","voxuananh@123456@","2025-12-25 02:43:10","CreatedByAdmin","Inserted","359",""
"347","hoanghanhnhi","Hoàng Hạnh Nhi","pnknn270803@gmail.com","pnknn270803+hoanghanhnhi@gmail.com","hoanghanhnhi@123456@","2025-12-25 04:57:08","CreatedByAdmin","Inserted","360",""
"348","leanhphong","Lê Anh Phong","pnknn270804@gmail.com","pnknn270804+leanhphong@gmail.com","leanhphong@123456@","2025-12-25 09:46:05","Created","Inserted","361",""
"349","trinhtantri","Trịnh Tấn Trí","pnknn270801@gmail.com","pnknn270801+trinhtantri@gmail.com","trinhtantri@123456@","2025-12-25 10:58:25","CreatedByAdmin","Inserted","362",""
"350","nguyengiathien","Nguyễn Gia Thiện","pnknn270802@gmail.com","pnknn270802+nguyengiathien@gmail.com","nguyengiathien@123456@","2025-12-25 17:34:15","CreatedByAdmin","Inserted","363",""
"351","phamquangngoc","Phạm Quang Ngọc","pnknn270803@gmail.com","pnknn270803+phamquangngoc@gmail.com","phamquangngoc@123456@","2025-12-25 19:57:41","CreatedByAdmin","Inserted","364",""
"352","doanminhkhoa","Đoàn Minh Khoa","pnknn270804@gmail.com","pnknn270804+doanminhkhoa@gmail.com","doanminhkhoa@123456@","2025-12-25 23:29:32","CreatedByAdmin","Inserted","365",""
"353","tranmyman","Trần Mỹ Mẫn","pnknn270801@gmail.com","pnknn270801+tranmyman@gmail.com","tranmyman@123456@","2025-12-26 04:52:53","CreatedByAdmin","Inserted","366",""
"354","trankieuhoa","Trần Kiều Hòa","pnknn270802@gmail.com","pnknn270802+trankieuhoa@gmail.com","trankieuhoa@123456@","2025-12-26 07:06:15","Created","Inserted","367",""
"355","docamquang","Đỗ Cẩm Quang","pnknn270803@gmail.com","pnknn270803+docamquang@gmail.com","docamquang@123456@","2025-12-26 10:52:31","CreatedByAdmin","Inserted","368",""
"356","chauxuanngoc","Châu Xuân Ngọc","pnknn270804@gmail.com","pnknn270804+chauxuanngoc@gmail.com","chauxuanngoc@123456@","2025-12-26 15:21:04","CreatedByAdmin","Inserted","369",""
"357","hoanghaichi","Hoàng Hải Chi","pnknn270801@gmail.com","pnknn270801+hoanghaichi@gmail.com","hoanghaichi@123456@","2025-12-26 18:15:49","Created","Inserted","370",""
"358","nguyenhuulong","Nguyễn Hữu Long","pnknn270802@gmail.com","pnknn270802+nguyenhuulong@gmail.com","nguyenhuulong@123456@","2025-12-26 21:10:37","CreatedByAdmin","Inserted","371",""
"359","huynhquangphong","Huỳnh Quang Phong","pnknn270803@gmail.com","pnknn270803+huynhquangphong@gmail.com","huynhquangphong@123456@","2025-12-27 02:30:07","Created","Inserted","372",""
"360","ngoquynhphuc","Ngô Quỳnh Phúc","pnknn270804@gmail.com","pnknn270804+ngoquynhphuc@gmail.com","ngoquynhphuc@123456@","2025-12-27 06:44:31","CreatedByAdmin","Inserted","373",""
"361","tohanhthao","Tô Hạnh Thảo","pnknn270801@gmail.com","pnknn270801+tohanhthao@gmail.com","tohanhthao@123456@","2025-12-27 10:08:16","CreatedByAdmin","Inserted","374",""
"362","voyenchi","Võ Yến Chi","pnknn270802@gmail.com","pnknn270802+voyenchi@gmail.com","voyenchi@123456@","2025-12-27 11:11:42","Created","Inserted","375",""
"363","tranquangduy","Trần Quang Duy","pnknn270803@gmail.com","pnknn270803+tranquangduy@gmail.com","tranquangduy@123456@","2025-12-27 16:16:12","CreatedByAdmin","Inserted","376",""
"364","lythuchau","Lý Thu Châu","pnknn270804@gmail.com","pnknn270804+lythuchau@gmail.com","lythuchau@123456@","2025-12-27 22:00:53","CreatedByAdmin","Inserted","377",""
"365","tominhan","Tô Minh An","pnknn270801@gmail.com","pnknn270801+tominhan@gmail.com","tominhan@123456@","2025-12-28 01:09:05","Created","Inserted","378",""
"366","huynhthaongoc","Huỳnh Thảo Ngọc","pnknn270802@gmail.com","pnknn270802+huynhthaongoc@gmail.com","huynhthaongoc@123456@","2025-12-28 02:05:02","CreatedByAdmin","Inserted","379",""
"367","luumyhan","Lưu Mỹ Hân","pnknn270803@gmail.com","pnknn270803+luumyhan@gmail.com","luumyhan@123456@","2025-12-28 08:22:13","Created","Inserted","380",""
"368","vuquocthang","Vũ Quốc Thắng","pnknn270804@gmail.com","pnknn270804+vuquocthang@gmail.com","vuquocthang@123456@","2025-12-28 10:35:09","CreatedByAdmin","Inserted","381",""
"369","haphucthien","Hà Phúc Thiện","pnknn270801@gmail.com","pnknn270801+haphucthien@gmail.com","haphucthien@123456@","2025-12-28 16:33:48","CreatedByAdmin","Inserted","382",""
"370","doanxuantin","Đoàn Xuân Tín","pnknn270802@gmail.com","pnknn270802+doanxuantin@gmail.com","doanxuantin@123456@","2025-12-28 16:53:01","CreatedByAdmin","Inserted","383",""
"371","buihanhnghi","Bùi Hạnh Nghi","pnknn270803@gmail.com","pnknn270803+buihanhnghi@gmail.com","buihanhnghi@123456@","2025-12-28 20:48:17","Created","Inserted","384",""
"372","buinhuhieu","Bùi Như Hiếu","pnknn270804@gmail.com","pnknn270804+buinhuhieu@gmail.com","buinhuhieu@123456@","2025-12-29 02:55:48","CreatedByAdmin","Inserted","385",""
"373","lamcamtruc","Lâm Cẩm Trúc","pnknn270801@gmail.com","pnknn270801+lamcamtruc@gmail.com","lamcamtruc@123456@","2025-12-29 06:48:46","Created","Inserted","386",""
"374","vocamthao","Võ Cẩm Thảo","pnknn270802@gmail.com","pnknn270802+vocamthao@gmail.com","vocamthao@123456@","2025-12-29 09:22:08","Created","Inserted","387",""
"375","hathuthien","Hà Thu Thiện","pnknn270803@gmail.com","pnknn270803+hathuthien@gmail.com","hathuthien@123456@","2025-12-29 11:39:19","Created","Inserted","388",""
"376","doangianhat","Đoàn Gia Nhật","pnknn270804@gmail.com","pnknn270804+doangianhat@gmail.com","doangianhat@123456@","2025-12-29 15:29:58","CreatedByAdmin","Inserted","389",""
"377","lamanhquyen","Lâm Anh Quyên","pnknn270801@gmail.com","pnknn270801+lamanhquyen@gmail.com","lamanhquyen@123456@","2025-12-29 18:58:19","CreatedByAdmin","Inserted","390",""
"378","tranthaotung","Trần Thảo Tùng","pnknn270802@gmail.com","pnknn270802+tranthaotung@gmail.com","tranthaotung@123456@","2025-12-29 23:49:29","CreatedByAdmin","Inserted","391",""
"379","hoangthanhsang","Hoàng Thanh Sang","pnknn270803@gmail.com","pnknn270803+hoangthanhsang@gmail.com","hoangthanhsang@123456@","2025-12-30 03:01:42","CreatedByAdmin","Inserted","392",""
"380","daoquangvy","Đào Quang Vy","pnknn270804@gmail.com","pnknn270804+daoquangvy@gmail.com","daoquangvy@123456@","2025-12-30 06:10:56","CreatedByAdmin","Inserted","393",""
"381","phamhaiyen","Phạm Hải Yến","pnknn270801@gmail.com","pnknn270801+phamhaiyen@gmail.com","phamhaiyen@123456@","2025-12-30 12:24:13","CreatedByAdmin","Inserted","394",""
"382","truongyenmy","Trương Yến My","pnknn270802@gmail.com","pnknn270802+truongyenmy@gmail.com","truongyenmy@123456@","2025-12-30 14:07:35","Created","Inserted","395",""
"383","doanducquang","Đoàn Đức Quang","pnknn270803@gmail.com","pnknn270803+doanducquang@gmail.com","doanducquang@123456@","2025-12-30 18:34:30","CreatedByAdmin","Inserted","396",""
"384","lyminhhan","Lý Minh Hân","pnknn270804@gmail.com","pnknn270804+lyminhhan@gmail.com","lyminhhan@123456@","2025-12-30 20:51:24","CreatedByAdmin","Inserted","397",""
"385","vuongnhuquan","Vương Như Quân","pnknn270801@gmail.com","pnknn270801+vuongnhuquan@gmail.com","vuongnhuquan@123456@","2025-12-31 03:06:32","Created","Inserted","398",""
"386","lamthienhoang","Lâm Thiên Hoàng","pnknn270802@gmail.com","pnknn270802+lamthienhoang@gmail.com","lamthienhoang@123456@","2025-12-31 04:30:43","Created","Inserted","399",""
"387","hoangmyviet","Hoàng Mỹ Việt","pnknn270803@gmail.com","pnknn270803+hoangmyviet@gmail.com","hoangmyviet@123456@","2025-12-31 08:05:39","CreatedByAdmin","Inserted","400",""
"388","vonhatviet","Võ Nhật Việt","pnknn270804@gmail.com","pnknn270804+vonhatviet@gmail.com","vonhatviet@123456@","2025-12-31 14:47:26","CreatedByAdmin","Inserted","401",""
"389","maicamson","Mai Cẩm Sơn","pnknn270801@gmail.com","pnknn270801+maicamson@gmail.com","maicamson@123456@","2025-12-31 17:29:41","CreatedByAdmin","Inserted","402",""
"390","dodangchau","Đỗ Đăng Châu","pnknn270802@gmail.com","pnknn270802+dodangchau@gmail.com","dodangchau@123456@","2025-12-31 22:19:53","CreatedByAdmin","Inserted","403",""
"391","daodangduy","Đào Đăng Duy","pnknn270803@gmail.com","pnknn270803+daodangduy@gmail.com","daodangduy@123456@","2026-01-01 00:37:25","Created","Inserted","404",""
"392","vonhatbach","Võ Nhật Bách","pnknn270804@gmail.com","pnknn270804+vonhatbach@gmail.com","vonhatbach@123456@","2026-01-01 04:47:01","CreatedByAdmin","Inserted","405",""
"393","phamkhanhhoang","Phạm Khánh Hoàng","pnknn270801@gmail.com","pnknn270801+phamkhanhhoang@gmail.com","phamkhanhhoang@123456@","2026-01-01 09:50:12","CreatedByAdmin","Inserted","406",""
"394","doanhhuyen","Đỗ Anh Huyền","pnknn270802@gmail.com","pnknn270802+doanhhuyen@gmail.com","doanhhuyen@123456@","2026-01-01 10:44:55","CreatedByAdmin","Inserted","407",""
"395","phammaivinh","Phạm Mai Vinh","pnknn270803@gmail.com","pnknn270803+phammaivinh@gmail.com","phammaivinh@123456@","2026-01-01 17:06:24","CreatedByAdmin","Inserted","408",""
"396","hokieutri","Hồ Kiều Trí","pnknn270804@gmail.com","pnknn270804+hokieutri@gmail.com","hokieutri@123456@","2026-01-01 19:03:32","Created","Inserted","409",""
"397","daokhanhvy","Đào Khánh Vy","pnknn270801@gmail.com","pnknn270801+daokhanhvy@gmail.com","daokhanhvy@123456@","2026-01-01 21:23:04","Created","Inserted","410",""
"398","vuongxuannghia","Vương Xuân Nghĩa","pnknn270802@gmail.com","pnknn270802+vuongxuannghia@gmail.com","vuongxuannghia@123456@","2026-01-02 03:00:53","Created","Inserted","411",""
"399","hahanhanh","Hà Hạnh Ánh","pnknn270803@gmail.com","pnknn270803+hahanhanh@gmail.com","hahanhanh@123456@","2026-01-02 08:13:04","Created","Inserted","412",""
"400","huynhcamnhan","Huỳnh Cẩm Nhân","pnknn270804@gmail.com","pnknn270804+huynhcamnhan@gmail.com","huynhcamnhan@123456@","2026-01-02 11:30:19","Created","Inserted","413",""
"401","doanhoanglam","Đoàn Hoàng Lâm","pnknn270801@gmail.com","pnknn270801+doanhoanglam@gmail.com","doanhoanglam@123456@","2026-01-02 12:33:33","CreatedByAdmin","Inserted","414",""
"402","duongkieuminh","Dương Kiều Minh","pnknn270802@gmail.com","pnknn270802+duongkieuminh@gmail.com","duongkieuminh@123456@","2026-01-02 18:01:48","CreatedByAdmin","Inserted","415",""
"403","vothienuy","Võ Thiên Uy","pnknn270803@gmail.com","pnknn270803+vothienuy@gmail.com","vothienuy@123456@","2026-01-02 22:17:33","CreatedByAdmin","Inserted","416",""
"404","tatrongminh","Tạ Trọng Minh","pnknn270804@gmail.com","pnknn270804+tatrongminh@gmail.com","tatrongminh@123456@","2026-01-03 02:49:00","CreatedByAdmin","Inserted","417",""
"405","tabaoloan","Tạ Bảo Loan","pnknn270801@gmail.com","pnknn270801+tabaoloan@gmail.com","tabaoloan@123456@","2026-01-03 05:17:52","Created","Inserted","418",""
"406","danghuuman","Đặng Hữu Mẫn","pnknn270802@gmail.com","pnknn270802+danghuuman@gmail.com","danghuuman@123456@","2026-01-03 09:01:59","CreatedByAdmin","Inserted","419",""
"407","lybaokhoa","Lý Bảo Khoa","pnknn270803@gmail.com","pnknn270803+lybaokhoa@gmail.com","lybaokhoa@123456@","2026-01-03 13:53:22","CreatedByAdmin","Inserted","420",""
"408","dinhquynhky","Đinh Quỳnh Kỳ","pnknn270804@gmail.com","pnknn270804+dinhquynhky@gmail.com","dinhquynhky@123456@","2026-01-03 15:39:52","Created","Inserted","421",""
"409","daotuongminh","Đào Tường Minh","pnknn270801@gmail.com","pnknn270801+daotuongminh@gmail.com","daotuongminh@123456@","2026-01-03 20:55:51","Created","Inserted","422",""
"410","buithaoquyen","Bùi Thảo Quyên","pnknn270802@gmail.com","pnknn270802+buithaoquyen@gmail.com","buithaoquyen@123456@","2026-01-04 01:02:14","CreatedByAdmin","Inserted","423",""
"411","duongducdiep","Dương Đức Diệp","pnknn270803@gmail.com","pnknn270803+duongducdiep@gmail.com","duongducdiep@123456@","2026-01-04 02:06:37","Created","Inserted","424",""
"412","buiquocphong","Bùi Quốc Phong","pnknn270804@gmail.com","pnknn270804+buiquocphong@gmail.com","buiquocphong@123456@","2026-01-04 05:04:34","CreatedByAdmin","Inserted","425",""
"413","ngotuanhoang","Ngô Tuấn Hoàng","pnknn270801@gmail.com","pnknn270801+ngotuanhoang@gmail.com","ngotuanhoang@123456@","2026-01-04 09:42:23","Created","Inserted","426",""
"414","hatuannhi","Hà Tuấn Nhi","pnknn270802@gmail.com","pnknn270802+hatuannhi@gmail.com","hatuannhi@123456@","2026-01-04 13:25:43","CreatedByAdmin","Inserted","427",""
"415","truongthienphuc","Trương Thiên Phúc","pnknn270803@gmail.com","pnknn270803+truongthienphuc@gmail.com","truongthienphuc@123456@","2026-01-04 17:05:50","CreatedByAdmin","Inserted","428",""
"416","vuongthumai","Vương Thu Mai","pnknn270804@gmail.com","pnknn270804+vuongthumai@gmail.com","vuongthumai@123456@","2026-01-04 21:17:34","Created","Inserted","429",""
"417","maitrongthinh","Mai Trọng Thịnh","pnknn270801@gmail.com","pnknn270801+maitrongthinh@gmail.com","maitrongthinh@123456@","2026-01-05 00:48:34","CreatedByAdmin","Inserted","430",""
"418","luutannghia","Lưu Tấn Nghĩa","pnknn270802@gmail.com","pnknn270802+luutannghia@gmail.com","luutannghia@123456@","2026-01-05 05:38:45","CreatedByAdmin","Inserted","431",""
"419","buiphucmy","Bùi Phúc My","pnknn270803@gmail.com","pnknn270803+buiphucmy@gmail.com","buiphucmy@123456@","2026-01-05 09:54:20","CreatedByAdmin","Inserted","432",""
"420","lamthienanh","Lâm Thiên Ánh","pnknn270804@gmail.com","pnknn270804+lamthienanh@gmail.com","lamthienanh@123456@","2026-01-05 10:44:21","CreatedByAdmin","Inserted","433",""
"421","phangiatriet","Phan Gia Triết","pnknn270801@gmail.com","pnknn270801+phangiatriet@gmail.com","phangiatriet@123456@","2026-01-05 17:27:01","CreatedByAdmin","Inserted","434",""
"422","voxuanyen","Võ Xuân Yến","pnknn270802@gmail.com","pnknn270802+voxuanyen@gmail.com","voxuanyen@123456@","2026-01-05 19:30:11","CreatedByAdmin","Inserted","435",""
"423","daodangthang","Đào Đăng Thắng","pnknn270803@gmail.com","pnknn270803+daodangthang@gmail.com","daodangthang@123456@","2026-01-06 00:37:21","CreatedByAdmin","Inserted","436",""
"424","maiquocthang","Mai Quốc Thắng","pnknn270804@gmail.com","pnknn270804+maiquocthang@gmail.com","maiquocthang@123456@","2026-01-06 03:59:47","CreatedByAdmin","Inserted","437",""
"425","truongtronguy","Trương Trọng Uy","pnknn270801@gmail.com","pnknn270801+truongtronguy@gmail.com","truongtronguy@123456@","2026-01-06 06:19:41","CreatedByAdmin","Inserted","438",""
"426","buingochan","Bùi Ngọc Hân","pnknn270802@gmail.com","pnknn270802+buingochan@gmail.com","buingochan@123456@","2026-01-06 12:36:17","CreatedByAdmin","Inserted","439",""
"427","lethanhngan","Lê Thành Ngân","pnknn270803@gmail.com","pnknn270803+lethanhngan@gmail.com","lethanhngan@123456@","2026-01-06 14:25:47","CreatedByAdmin","Inserted","440",""
"428","hokieukiet","Hồ Kiều Kiệt","pnknn270804@gmail.com","pnknn270804+hokieukiet@gmail.com","hokieukiet@123456@","2026-01-06 16:26:17","CreatedByAdmin","Inserted","441",""
"429","chaumaitue","Châu Mai Tuệ","pnknn270801@gmail.com","pnknn270801+chaumaitue@gmail.com","chaumaitue@123456@","2026-01-06 22:13:26","CreatedByAdmin","Inserted","442",""
"430","doanthanhquang","Đoàn Thành Quang","pnknn270802@gmail.com","pnknn270802+doanthanhquang@gmail.com","doanthanhquang@123456@","2026-01-07 01:05:03","CreatedByAdmin","Inserted","443",""
"431","phamhoangcuong","Phạm Hoàng Cường","pnknn270803@gmail.com","pnknn270803+phamhoangcuong@gmail.com","phamhoangcuong@123456@","2026-01-07 04:13:43","CreatedByAdmin","Inserted","444",""
"432","duongtrongha","Dương Trọng Hà","pnknn270804@gmail.com","pnknn270804+duongtrongha@gmail.com","duongtrongha@123456@","2026-01-07 10:23:28","CreatedByAdmin","Inserted","445",""
"433","maithanhhoang","Mai Thành Hoàng","pnknn270801@gmail.com","pnknn270801+maithanhhoang@gmail.com","maithanhhoang@123456@","2026-01-07 13:36:45","CreatedByAdmin","Inserted","446",""
"434","ngohuungan","Ngô Hữu Ngân","pnknn270802@gmail.com","pnknn270802+ngohuungan@gmail.com","ngohuungan@123456@","2026-01-07 15:24:30","CreatedByAdmin","Inserted","447",""
"435","vuongminhhung","Vương Minh Hưng","pnknn270803@gmail.com","pnknn270803+vuongminhhung@gmail.com","vuongminhhung@123456@","2026-01-07 20:34:36","CreatedByAdmin","Inserted","448",""
"436","huynhnhutu","Huỳnh Như Tú","pnknn270804@gmail.com","pnknn270804+huynhnhutu@gmail.com","huynhnhutu@123456@","2026-01-07 23:06:32","CreatedByAdmin","Inserted","449",""
"437","phamthanhanh","Phạm Thanh Anh","pnknn270801@gmail.com","pnknn270801+phamthanhanh@gmail.com","phamthanhanh@123456@","2026-01-08 02:34:59","CreatedByAdmin","Inserted","450",""
"438","nguyennhatuy","Nguyễn Nhật Uy","pnknn270802@gmail.com","pnknn270802+nguyennhatuy@gmail.com","nguyennhatuy@123456@","2026-01-08 09:20:35","CreatedByAdmin","Inserted","451",""
"439","vohanhuy","Võ Hạnh Uy","pnknn270803@gmail.com","pnknn270803+vohanhuy@gmail.com","vohanhuy@123456@","2026-01-08 09:42:01","CreatedByAdmin","Inserted","452",""
"440","duongtuongthang","Dương Tường Thắng","pnknn270804@gmail.com","pnknn270804+duongtuongthang@gmail.com","duongtuongthang@123456@","2026-01-08 15:54:46","Created","Inserted","453",""
"441","vuongcamhung","Vương Cẩm Hưng","pnknn270801@gmail.com","pnknn270801+vuongcamhung@gmail.com","vuongcamhung@123456@","2026-01-08 17:58:48","CreatedByAdmin","Inserted","454",""
"442","doanmythuy","Đoàn Mỹ Thủy","pnknn270802@gmail.com","pnknn270802+doanmythuy@gmail.com","doanmythuy@123456@","2026-01-08 23:02:30","CreatedByAdmin","Inserted","455",""
"443","lamtuongtoan","Lâm Tường Toàn","pnknn270803@gmail.com","pnknn270803+lamtuongtoan@gmail.com","lamtuongtoan@123456@","2026-01-09 00:47:13","CreatedByAdmin","Inserted","456",""
"444","lamkieuduc","Lâm Kiều Đức","pnknn270804@gmail.com","pnknn270804+lamkieuduc@gmail.com","lamkieuduc@123456@","2026-01-09 04:36:57","CreatedByAdmin","Inserted","457",""
"445","doanhoangtrang","Đoàn Hoàng Trang","pnknn270801@gmail.com","pnknn270801+doanhoangtrang@gmail.com","doanhoangtrang@123456@","2026-01-09 11:21:18","CreatedByAdmin","Inserted","458",""
"446","phamphuctin","Phạm Phúc Tín","pnknn270802@gmail.com","pnknn270802+phamphuctin@gmail.com","phamphuctin@123456@","2026-01-09 13:48:25","CreatedByAdmin","Inserted","459",""
"447","vothanhvinh","Võ Thành Vinh","pnknn270803@gmail.com","pnknn270803+vothanhvinh@gmail.com","vothanhvinh@123456@","2026-01-09 16:49:40","CreatedByAdmin","Inserted","460",""
"448","phamtuannhi","Phạm Tuấn Nhi","pnknn270804@gmail.com","pnknn270804+phamtuannhi@gmail.com","phamtuannhi@123456@","2026-01-09 20:59:53","CreatedByAdmin","Inserted","461",""
"449","trantuongbao","Trần Tường Bảo","pnknn270801@gmail.com","pnknn270801+trantuongbao@gmail.com","trantuongbao@123456@","2026-01-09 23:27:37","CreatedByAdmin","Inserted","462",""
"450","luuthaoquang","Lưu Thảo Quang","pnknn270802@gmail.com","pnknn270802+luuthaoquang@gmail.com","luuthaoquang@123456@","2026-01-10 03:26:15","CreatedByAdmin","Inserted","463",""
"451","vuongnhattien","Vương Nhật Tiên","pnknn270803@gmail.com","pnknn270803+vuongnhattien@gmail.com","vuongnhattien@123456@","2026-01-10 06:57:03","CreatedByAdmin","Inserted","464",""
"452","tranduchuy","Trần Đức Huy","pnknn270804@gmail.com","pnknn270804+tranduchuy@gmail.com","tranduchuy@123456@","2026-01-10 13:20:59","CreatedByAdmin","Inserted","465",""
"453","luuquanghien","Lưu Quang Hiền","pnknn270801@gmail.com","pnknn270801+luuquanghien@gmail.com","luuquanghien@123456@","2026-01-10 15:03:07","CreatedByAdmin","Inserted","466",""
"454","buidieuhan","Bùi Diệu Hân","pnknn270802@gmail.com","pnknn270802+buidieuhan@gmail.com","buidieuhan@123456@","2026-01-10 20:48:02","CreatedByAdmin","Inserted","467",""
"455","tathaoky","Tạ Thảo Kỳ","pnknn270803@gmail.com","pnknn270803+tathaoky@gmail.com","tathaoky@123456@","2026-01-10 21:00:45","CreatedByAdmin","Inserted","468",""
"456","truongthaonam","Trương Thảo Nam","pnknn270804@gmail.com","pnknn270804+truongthaonam@gmail.com","truongthaonam@123456@","2026-01-11 01:38:17","CreatedByAdmin","Inserted","469",""
"457","dinhthanhthang","Đinh Thanh Thắng","pnknn270801@gmail.com","pnknn270801+dinhthanhthang@gmail.com","dinhthanhthang@123456@","2026-01-11 07:26:21","CreatedByAdmin","Inserted","470",""
"458","lamtuansang","Lâm Tuấn Sang","pnknn270802@gmail.com","pnknn270802+lamtuansang@gmail.com","lamtuansang@123456@","2026-01-11 10:24:23","CreatedByAdmin","Inserted","471",""
"459","doanbaochau","Đoàn Bảo Châu","pnknn270803@gmail.com","pnknn270803+doanbaochau@gmail.com","doanbaochau@123456@","2026-01-11 11:51:20","CreatedByAdmin","Inserted","472",""
"460","vuthiennam","Vũ Thiên Nam","pnknn270804@gmail.com","pnknn270804+vuthiennam@gmail.com","vuthiennam@123456@","2026-01-11 18:09:33","CreatedByAdmin","Inserted","473",""
"461","buithulinh","Bùi Thu Linh","pnknn270801@gmail.com","pnknn270801+buithulinh@gmail.com","buithulinh@123456@","2026-01-11 22:48:15","CreatedByAdmin","Inserted","474",""
"462","lambaohieu","Lâm Bảo Hiếu","pnknn270802@gmail.com","pnknn270802+lambaohieu@gmail.com","lambaohieu@123456@","2026-01-11 23:45:53","CreatedByAdmin","Inserted","475",""
"463","nguyennhuvinh","Nguyễn Như Vinh","pnknn270803@gmail.com","pnknn270803+nguyennhuvinh@gmail.com","nguyennhuvinh@123456@","2026-01-12 05:03:14","CreatedByAdmin","Inserted","476",""
"464","doxuannhan","Đỗ Xuân Nhân","pnknn270804@gmail.com","pnknn270804+doxuannhan@gmail.com","doxuannhan@123456@","2026-01-12 09:44:49","CreatedByAdmin","Inserted","477",""
"465","daohainhat","Đào Hải Nhật","pnknn270801@gmail.com","pnknn270801+daohainhat@gmail.com","daohainhat@123456@","2026-01-12 10:11:11","CreatedByAdmin","Inserted","478",""
"466","chaubaosang","Châu Bảo Sang","pnknn270802@gmail.com","pnknn270802+chaubaosang@gmail.com","chaubaosang@123456@","2026-01-12 14:59:57","CreatedByAdmin","Inserted","479",""
"467","tadanglam","Tạ Đăng Lâm","pnknn270803@gmail.com","pnknn270803+tadanglam@gmail.com","tadanglam@123456@","2026-01-12 19:41:43","Created","Inserted","480",""
"468","lymyman","Lý Mỹ Mẫn","pnknn270804@gmail.com","pnknn270804+lymyman@gmail.com","lymyman@123456@","2026-01-12 21:34:18","CreatedByAdmin","Inserted","481",""
"469","hoanghuuminh","Hoàng Hữu Minh","pnknn270801@gmail.com","pnknn270801+hoanghuuminh@gmail.com","hoanghuuminh@123456@","2026-01-13 01:46:50","CreatedByAdmin","Inserted","482",""
"470","vuongthaoduc","Vương Thảo Đức","pnknn270802@gmail.com","pnknn270802+vuongthaoduc@gmail.com","vuongthaoduc@123456@","2026-01-13 05:52:54","CreatedByAdmin","Inserted","483",""
"471","tranthanhnhat","Trần Thanh Nhật","pnknn270803@gmail.com","pnknn270803+tranthanhnhat@gmail.com","tranthanhnhat@123456@","2026-01-13 09:19:21","CreatedByAdmin","Inserted","484",""
"472","dothaothang","Đỗ Thảo Thắng","pnknn270804@gmail.com","pnknn270804+dothaothang@gmail.com","dothaothang@123456@","2026-01-13 13:17:58","CreatedByAdmin","Inserted","485",""
"473","phanhaihoang","Phan Hải Hoàng","pnknn270801@gmail.com","pnknn270801+phanhaihoang@gmail.com","phanhaihoang@123456@","2026-01-13 19:01:17","CreatedByAdmin","Inserted","486",""
"474","taxuandiep","Tạ Xuân Diệp","pnknn270802@gmail.com","pnknn270802+taxuandiep@gmail.com","taxuandiep@123456@","2026-01-13 21:44:23","CreatedByAdmin","Inserted","487",""
"475","caomyanh","Cao Mỹ Anh","pnknn270803@gmail.com","pnknn270803+caomyanh@gmail.com","caomyanh@123456@","2026-01-14 02:07:24","CreatedByAdmin","Inserted","488",""
"476","truonghoangkiet","Trương Hoàng Kiệt","pnknn270804@gmail.com","pnknn270804+truonghoangkiet@gmail.com","truonghoangkiet@123456@","2026-01-14 05:21:00","CreatedByAdmin","Inserted","489",""
"477","tatronghien","Tạ Trọng Hiền","pnknn270801@gmail.com","pnknn270801+tatronghien@gmail.com","tatronghien@123456@","2026-01-14 08:26:41","CreatedByAdmin","Inserted","490",""
"478","hoquynhnhan","Hồ Quỳnh Nhân","pnknn270802@gmail.com","pnknn270802+hoquynhnhan@gmail.com","hoquynhnhan@123456@","2026-01-14 10:51:32","CreatedByAdmin","Inserted","491",""
"479","lambaothinh","Lâm Bảo Thịnh","pnknn270803@gmail.com","pnknn270803+lambaothinh@gmail.com","lambaothinh@123456@","2026-01-14 17:01:52","CreatedByAdmin","Inserted","492",""
"480","lexuannhi","Lê Xuân Nhi","pnknn270804@gmail.com","pnknn270804+lexuannhi@gmail.com","lexuannhi@123456@","2026-01-14 19:28:56","CreatedByAdmin","Inserted","493",""
"481","hathanhtung","Hà Thành Tùng","pnknn270801@gmail.com","pnknn270801+hathanhtung@gmail.com","hathanhtung@123456@","2026-01-14 22:58:08","CreatedByAdmin","Inserted","494",""
"482","caongocbach","Cao Ngọc Bách","pnknn270802@gmail.com","pnknn270802+caongocbach@gmail.com","caongocbach@123456@","2026-01-15 03:53:44","CreatedByAdmin","Inserted","495",""
"483","danganhdat","Đặng Anh Đạt","pnknn270803@gmail.com","pnknn270803+danganhdat@gmail.com","danganhdat@123456@","2026-01-15 07:21:54","Created","Inserted","496",""
"484","luunhuthu","Lưu Như Thư","pnknn270804@gmail.com","pnknn270804+luunhuthu@gmail.com","luunhuthu@123456@","2026-01-15 10:58:51","CreatedByAdmin","Inserted","497",""
"485","phamquynhchi","Phạm Quỳnh Chi","pnknn270801@gmail.com","pnknn270801+phamquynhchi@gmail.com","phamquynhchi@123456@","2026-01-15 14:01:19","CreatedByAdmin","Inserted","498",""
"486","caodangtien","Cao Đăng Tiên","pnknn270802@gmail.com","pnknn270802+caodangtien@gmail.com","caodangtien@123456@","2026-01-15 18:34:53","CreatedByAdmin","Inserted","499",""
"487","hodangchau","Hồ Đăng Châu","pnknn270803@gmail.com","pnknn270803+hodangchau@gmail.com","hodangchau@123456@","2026-01-15 23:00:41","CreatedByAdmin","Inserted","500",""
"488","daotanuyen","Đào Tấn Uyên","pnknn270804@gmail.com","pnknn270804+daotanuyen@gmail.com","daotanuyen@123456@","2026-01-16 00:08:23","CreatedByAdmin","Inserted","501",""
"489","doanthanhlan","Đoàn Thành Lan","pnknn270801@gmail.com","pnknn270801+doanthanhlan@gmail.com","doanthanhlan@123456@","2026-01-16 06:24:30","CreatedByAdmin","Inserted","502",""
"490","vukhanhson","Vũ Khánh Sơn","pnknn270802@gmail.com","pnknn270802+vukhanhson@gmail.com","vukhanhson@123456@","2026-01-16 09:00:53","CreatedByAdmin","Inserted","503",""
"491","caocamdat","Cao Cẩm Đạt","pnknn270803@gmail.com","pnknn270803+caocamdat@gmail.com","caocamdat@123456@","2026-01-16 13:45:23","CreatedByAdmin","Inserted","504",""
"492","vomyuy","Võ Mỹ Uy","pnknn270804@gmail.com","pnknn270804+vomyuy@gmail.com","vomyuy@123456@","2026-01-16 15:44:01","CreatedByAdmin","Inserted","505",""
"493","letuonghuy","Lê Tường Huy","pnknn270801@gmail.com","pnknn270801+letuonghuy@gmail.com","letuonghuy@123456@","2026-01-16 19:28:51","CreatedByAdmin","Inserted","506",""
"494","trinhxuannhi","Trịnh Xuân Nhi","pnknn270802@gmail.com","pnknn270802+trinhxuannhi@gmail.com","trinhxuannhi@123456@","2026-01-16 23:47:53","CreatedByAdmin","Inserted","507",""
"495","vuongngocchi","Vương Ngọc Chi","pnknn270803@gmail.com","pnknn270803+vuongngocchi@gmail.com","vuongngocchi@123456@","2026-01-17 02:25:54","CreatedByAdmin","Inserted","508",""
"496","luuhanhtruc","Lưu Hạnh Trúc","pnknn270804@gmail.com","pnknn270804+luuhanhtruc@gmail.com","luuhanhtruc@123456@","2026-01-17 07:56:57","CreatedByAdmin","Inserted","509",""
"497","dinhphuckiet","Đinh Phúc Kiệt","pnknn270801@gmail.com","pnknn270801+dinhphuckiet@gmail.com","dinhphuckiet@123456@","2026-01-17 09:46:25","CreatedByAdmin","Inserted","510",""
"498","todieuuyen","Tô Diệu Uyên","pnknn270802@gmail.com","pnknn270802+todieuuyen@gmail.com","todieuuyen@123456@","2026-01-17 13:32:24","CreatedByAdmin","Inserted","511",""
"499","trinhthuquan","Trịnh Thu Quân","pnknn270803@gmail.com","pnknn270803+trinhthuquan@gmail.com","trinhthuquan@123456@","2026-01-17 18:51:44","CreatedByAdmin","Inserted","512",""
"500","trinhnhattu","Trịnh Nhật Tú","pnknn270804@gmail.com","pnknn270804+trinhnhattu@gmail.com","trinhnhattu@123456@","2026-01-17 21:03:16","CreatedByAdmin","Inserted","513",""
